l, lprime, t, j, h, Mvalue, per-item weight, per-item importance
Camp_Pendleton_Airport, Juneau_Airport, 0, A0067, C-17, 2, 9780, 0
Camp_Pendleton_Airport, Juneau_Airport, 0, D0017, C-17, 2, 2180, 10000
Camp_Pendleton_Airport, Elmendorf_AFB, 0, H2044, C-17, 3, 1, 0
Camp_Pendleton_Airport, Elmendorf_AFB, 0, H7030, C-17, 2, 1, 0
Camp_Pendleton_Airport, Nome_Airport, 0, 1479AS500, C-17, 0.885421, 300, 0
Camp_Pendleton_Airport, Nome_Airport, 0, 3573AS100-1, C-17, 1, 2100, 0
Camp_Pendleton_Airport, Nome_Airport, 0, D0022, C-17, 2, 7840, 10000
Camp_Pendleton_Airport, Nome_Airport, 0, A0067, C-17, 2, 9780, 0
Anchorage_Port, Seward_MPF_Port, 0, A0047, OSV, 0.0847541, 7550, 0
Anchorage_Port, Seward_MPF_Port, 0, C44332E, OSV, 1, 4830, 10000
Anchorage_Port, Seward_MPF_Port, 0, A32327G, OSV, 0.348061, 10840, 0
Anchorage_Port, Seward_MPF_Port, 0, D12147K, OSV, 0.919612, 67600, 10000
Anchorage_Port, Seward_MPF_Port, 0, B09537B, OSV, 1, 2220, 0
Anchorage_Port, Nome_Port, 0, PORTABLE_FLOOR_CRANE, OSV, 0.0587787, 330, 0
Anchorage_Port, Nome_Port, 0, CART-PAO_SEVICING-DIESEL, OSV, 0.269269, 12310, 0
Anchorage_Port, Nome_Port, 0, DISABLED_WHEEL_DOLLY, OSV, 1, 310, 10000
Anchorage_Port, Nome_Port, 0, HIGH_LIFT_ADAPTER_CRATE, OSV, 1, 550, 0
Anchorage_Port, Nome_Port, 0, A04037G, OSV, 0.0863558, 10300, 0
Anchorage_Port, Nome_Port, 0, HEATER-PORTABLE-DUCT, OSV, 1, 1280, 0
Anchorage_Port, Nome_Port, 0, CHARGING_RIG-O2, OSV, 1, 2130, 0
Anchorage_Port, Nome_Port, 0, C00772E, OSV, 1, 480, 0
Anchorage_Port, Nome_Port, 0, SUU-95A, OSV, 1, 500, 0
Anchorage_Port, Nome_Port, 0, SUU-96A, OSV, 1, 250, 0
Mosquito_Lake_Sup, Juneau_Airport, 0, D0003, LowBoyTractor, 1.25116, 44480, 10000
Mosquito_Lake_Sup, Juneau_Airport, 0, D0005, LowBoyTractor, 0.03145, 44480, 10000
Mosquito_Lake_Sup, Juneau_Airport, 0, B0049, Truck-5, 0.91141, 7410, 0
Mosquito_Lake_Sup, Juneau_Airport, 0, D0862, Truck-5, 0.77924, 10500, 10000
Mosquito_Lake_Sup, Juneau_Airport, 0, B0027, Truck-5, 3.17087, 311, 0
Mosquito_Lake_Sup, Juneau_Airport, 0, B0008, Truck-5, 2, 794, 0
Mosquito_Lake_Sup, Juneau_Airport, 0, D0033, Truck-5, 2.22887, 10740, 10000
Mosquito_Lake_Sup, Juneau_Airport, 0, B2085, Truck-5, 1, 2600, 0
Mosquito_Lake_Sup, Juneau_Airport, 0, B2566, Truck-5, 1, 13440, 0
Mosquito_Lake_Sup, Juneau_Airport, 0, B2561, Truck-5, 1, 31900, 0
Mosquito_Lake_Sup, Juneau_Airport, 0, C0035, Truck-5, 1, 887, 0
Mosquito_Lake_Sup, Juneau_Airport, 0, M5030, Truck-5, 2, 510, 0
Mosquito_Lake_Sup, Juneau_Airport, 0, D1001, Truck-5, 0.367735, 7960, 10000
Mosquito_Lake_Sup, Juneau_Airport, 0, B0014, Truck-5, 5, 736, 0
Mosquito_Lake_Sup, Tanani_Sup, 0, B0027, Truck-5, 0.157037, 311, 0
Mosquito_Lake_Sup, Port_Chilkoot, 0, D0862, Truck-5, 1.22076, 10500, 10000
Mosquito_Lake_Sup, Port_Chilkoot, 0, B0027, Truck-5, 0.18215, 311, 0
Mosquito_Lake_Sup, Port_Chilkoot, 0, D1001, Truck-5, 0.189289, 7960, 10000
Mosquito_Lake_Sup, Elmendorf_AFB, 0, B0027, Truck-5, 4.03576, 311, 0
Mosquito_Lake_Sup, Elmendorf_AFB, 0, D0033, Truck-5, 2, 10740, 10000
Mosquito_Lake_Sup, Elmendorf_AFB, 0, B2085, Truck-5, 3, 2600, 0
Mosquito_Lake_Sup, Elmendorf_AFB, 0, B2566, Truck-5, 3, 13440, 0
Mosquito_Lake_Sup, Elmendorf_AFB, 0, B0043, Truck-5, 1, 1550, 0
Mosquito_Lake_Sup, Elmendorf_AFB, 0, D0880, Truck-5, 1, 200, 10000
Mosquito_Lake_Sup, Elmendorf_AFB, 0, M5030, Truck-5, 1, 510, 0
Mosquito_Lake_Sup, Elmendorf_AFB, 0, B0014, Truck-5, 9, 736, 0
Mosquito_Lake_Sup, Elmendorf_AFB, 0, C0078, Truck-5, 6, 200, 0
Mosquito_Lake_Sup, Anchorage_Port, 0, B0027, Truck-5, 0.0283795, 311, 0
Mosquito_Lake_Sup, Anchorage_Port, 0, D0033, Truck-5, 0.0703168, 10740, 10000
Mosquito_Lake_Sup, Anchorage_Port, 0, B2566, Truck-5, 0.00996267, 13440, 0
Mosquito_Lake_Sup, Fairbanks_Airport, 0, V4652, Truck-5, 14, 1, 0
Mosquito_Lake_Sup, Fairbanks_Airport, 0, B0027, Truck-5, 0.799392, 311, 0
Mosquito_Lake_Sup, Fairbanks_Airport, 0, B0008, Truck-5, 2, 794, 0
Mosquito_Lake_Sup, Fairbanks_Airport, 0, D0033, Truck-5, 2, 10740, 10000
Mosquito_Lake_Sup, Fairbanks_Airport, 0, B0730, Truck-5, 4, 304, 0
Mosquito_Lake_Sup, Fairbanks_Airport, 0, B22502E, Truck-5, 1, 363, 0
Mosquito_Lake_Sup, Fairbanks_Airport, 0, M5030, Truck-5, 1, 510, 0
Mosquito_Lake_Sup, Fairbanks_Airport, 0, B22102E, Truck-5, 1, 243, 0
Tanani_Sup, Juneau_Airport, 0, NIIN_14671753, Truck-5, 648.237, 15, 0
Tanani_Sup, Mosquito_Lake_Sup, 0, NIIN_14671753, LowBoyTractor, 413.462, 15, 0
Tanani_Sup, Mosquito_Lake_Sup, 0, NIIN_14671753, Truck-5, 234.775, 15, 0
Tanani_Sup, Mud_Bay_Sup, 0, V0028, LowBoyTractor, 39.5922, 200, 0
Tanani_Sup, Mud_Bay_Sup, 0, V0026, LowBoyTractor, 28.8054, 200, 0
Tanani_Sup, Mud_Bay_Sup, 0, D0005, LowBoyTractor, 0.0368087, 44480, 10000
Tanani_Sup, Mud_Bay_Sup, 0, C8640, LowBoyTractor, 1, 200, 0
Tanani_Sup, Mud_Bay_Sup, 0, NIIN_1491094, LowBoyTractor, 8.22581, 22, 0
Tanani_Sup, Mud_Bay_Sup, 0, V0024, LowBoyTractor, 60, 200, 0
Tanani_Sup, Mud_Bay_Sup, 0, NIIN_14671753, LowBoyTractor, 123.469, 15, 0
Tanani_Sup, Mud_Bay_Sup, 0, B1021, LowBoyTractor, 3.20958, 3230, 0
Tanani_Sup, Mud_Bay_Sup, 0, C8638, Truck-5, 1, 720, 0
Tanani_Sup, Mud_Bay_Sup, 0, D0013, Truck-5, 1, 200, 10000
Tanani_Sup, Mud_Bay_Sup, 0, B0640, Truck-5, 5, 1920, 0
Tanani_Sup, Mud_Bay_Sup, 0, D0215, Truck-5, 0.257108, 15300, 10000
Tanani_Sup, Mud_Bay_Sup, 0, M5030, Truck-5, 2, 510, 0
Tanani_Sup, Mud_Bay_Sup, 0, B1021, Truck-5, 5.85497, 3230, 0
Tanani_Sup, Port_Chilkoot, 0, D0005, LowBoyTractor, 0.107319, 44480, 10000
Tanani_Sup, Port_Chilkoot, 0, B0063, LowBoyTractor, 0.0269166, 46420, 0
Tanani_Sup, Port_Chilkoot, 0, B1021, LowBoyTractor, 1.14568, 3230, 0
Tanani_Sup, Elmendorf_AFB, 0, V0028, Truck-5, 48.4078, 200, 0
Tanani_Sup, Elmendorf_AFB, 0, A0073, Truck-5, 2, 1, 0
Tanani_Sup, Elmendorf_AFB, 0, A7706, Truck-5, 2, 18, 0
Tanani_Sup, Elmendorf_AFB, 0, A0097, Truck-5, 2, 2, 0
Tanani_Sup, Anchorage_Port, 0, V0026, Truck-5, 18.5925, 200, 0
Tanani_Sup, Anchorage_Port, 0, C8640, Truck-5, 1, 200, 0
Tanani_Sup, Anchorage_Port, 0, A0067, Truck-5, 0.0417456, 9780, 0
Tanani_Sup, Anchorage_Port, 0, V0024, Truck-5, 26.9839, 200, 0
Tanani_Sup, Seward_MPF_Port, 0, V0028, Truck-5, 81.2723, 200, 0
Tanani_Sup, Seward_MPF_Port, 0, V0026, Truck-5, 53.7952, 200, 0
Tanani_Sup, Seward_MPF_Port, 0, D0034, Truck-5, 1, 11500, 10000
Tanani_Sup, Seward_MPF_Port, 0, A0067, Truck-5, 2.79276, 9780, 0
Tanani_Sup, Seward_MPF_Port, 0, V4012, Truck-5, 2, 200, 0
Tanani_Sup, Seward_MPF_Port, 0, D0030, Truck-5, 0.678716, 10500, 10000
Tanani_Sup, Fairbanks_Airport, 0, E1123, Truck-5, 8, 163, 10000
Tanani_Sup, Fairbanks_Airport, 0, V4652, Truck-5, 55, 1, 0
Tanani_Sup, Fairbanks_Airport, 0, A0135, Truck-5, 2, 1, 0
Tanani_Sup, Fairbanks_Airport, 0, E0088, Truck-5, 36, 3, 10000
Tanani_Sup, Fairbanks_Airport, 0, A0073, Truck-5, 17, 1, 0
Tanani_Sup, Fairbanks_Airport, 0, E1095, Truck-5, 2, 1, 10000
Tanani_Sup, Fairbanks_Airport, 0, E1126, Truck-5, 16, 44, 10000
Tanani_Sup, Fairbanks_Airport, 0, E0123, Truck-5, 8, 1, 10000
Tanani_Sup, Fairbanks_Airport, 0, H2044, Truck-5, 2, 1, 0
Tanani_Sup, Fairbanks_Airport, 0, H7255, Truck-5, 2, 10, 0
Tanani_Sup, Fairbanks_Airport, 0, A7902, Truck-5, 6, 75, 0
Tanani_Sup, Fairbanks_Airport, 0, E0994, Truck-5, 8, 68, 10000
Tanani_Sup, Fairbanks_Airport, 0, H7900, Truck-5, 1, 1, 0
Tanani_Sup, Fairbanks_Airport, 0, V4011, Truck-5, 28.0378, 200, 0
Tanani_Sup, Fairbanks_Airport, 0, A7706, Truck-5, 3, 18, 0
Tanani_Sup, Fairbanks_Airport, 0, A0126, Truck-5, 3, 1, 0
Tanani_Sup, Fairbanks_Airport, 0, A0097, Truck-5, 9, 2, 0
Tanani_Sup, Fairbanks_Airport, 0, E0180, Truck-5, 2, 10, 10000
Tanani_Sup, Fairbanks_Airport, 0, H2047, Truck-5, 12, 1, 0
Tanani_Sup, Fairbanks_Airport, 0, E0989, Truck-5, 33, 24, 10000
Mud_Bay_Sup, Juneau_Airport, 0, V4355, Truck-5, 48.6178, 200, 0
Mud_Bay_Sup, Mosquito_Lake_Sup, 0, V0012, LowBoyTractor, 2.51873, 200, 0
Mud_Bay_Sup, Mosquito_Lake_Sup, 0, V4355, LowBoyTractor, 22.9079, 200, 0
Mud_Bay_Sup, Mosquito_Lake_Sup, 0, V4340, LowBoyTractor, 23.1911, 200, 0
Mud_Bay_Sup, Port_Chilkoot, 0, C7915, LowBoyTractor, 2, 120, 0
Mud_Bay_Sup, Port_Chilkoot, 0, B0063, LowBoyTractor, 0.0803062, 46420, 0
Mud_Bay_Sup, Port_Chilkoot, 0, D0054, LowBoyTractor, 0.0425963, 71220, 10000
Mud_Bay_Sup, Port_Chilkoot, 0, V0012, Truck-5, 4.77097, 200, 0
Mud_Bay_Sup, Port_Chilkoot, 0, V4355, Truck-5, 4.88921, 200, 0
Mud_Bay_Sup, Port_Chilkoot, 0, M0001, Truck-5, 1, 790, 0
Mud_Bay_Sup, Elmendorf_AFB, 0, B0063, LowBoyTractor, 0.724851, 46420, 0
Mud_Bay_Sup, Elmendorf_AFB, 0, V4652, Truck-5, 6, 1, 0
Mud_Bay_Sup, Elmendorf_AFB, 0, C6621, Truck-5, 4, 2687, 0
Mud_Bay_Sup, Elmendorf_AFB, 0, V0012, Truck-5, 7, 200, 0
Mud_Bay_Sup, Elmendorf_AFB, 0, B0031, Truck-5, 4, 1045, 0
Mud_Bay_Sup, Elmendorf_AFB, 0, B2035, Truck-5, 2, 200, 0
Mud_Bay_Sup, Elmendorf_AFB, 0, B1580, Truck-5, 4, 2300, 0
Mud_Bay_Sup, Elmendorf_AFB, 0, C7915, Truck-5, 2, 120, 0
Mud_Bay_Sup, Elmendorf_AFB, 0, K4959, Truck-5, 6, 505, 0
Mud_Bay_Sup, Elmendorf_AFB, 0, V4355, Truck-5, 226.464, 200, 0
Mud_Bay_Sup, Elmendorf_AFB, 0, B0030, Truck-5, 5, 1045, 0
Mud_Bay_Sup, Elmendorf_AFB, 0, B0029, Truck-5, 2, 534, 0
Mud_Bay_Sup, Elmendorf_AFB, 0, C79052B, Truck-5, 1, 200, 0
Mud_Bay_Sup, Elmendorf_AFB, 0, V4340, Truck-5, 26, 200, 0
Mud_Bay_Sup, Elmendorf_AFB, 0, K4895, Truck-5, 7, 1, 0
Mud_Bay_Sup, Elmendorf_AFB, 0, B0028, Truck-5, 7, 455, 0
Mud_Bay_Sup, Elmendorf_AFB, 0, K4343, Truck-5, 6, 200, 0
Mud_Bay_Sup, Elmendorf_AFB, 0, B0640, Truck-5, 1, 1920, 0
Mud_Bay_Sup, Elmendorf_AFB, 0, V0023, Truck-5, 2, 200, 0
Mud_Bay_Sup, Elmendorf_AFB, 0, V4550, Truck-5, 4, 200, 0
Mud_Bay_Sup, Elmendorf_AFB, 0, V4610, Truck-5, 2, 200, 0
Mud_Bay_Sup, Elmendorf_AFB, 0, K4250, Truck-5, 40, 1, 0
Mud_Bay_Sup, Elmendorf_AFB, 0, D0030, Truck-5, 0.867154, 10500, 10000
Mud_Bay_Sup, Elmendorf_AFB, 0, C4433, Truck-5, 8, 3260, 10000
Mud_Bay_Sup, Elmendorf_AFB, 0, K4128, Truck-5, 26, 1, 0
Mud_Bay_Sup, Elmendorf_AFB, 0, C4880, Truck-5, 9, 200, 0
Mud_Bay_Sup, Elmendorf_AFB, 0, C4546, Truck-5, 9, 3, 0
Mud_Bay_Sup, Elmendorf_AFB, 0, C0138, Truck-5, 3, 730, 0
Mud_Bay_Sup, Elmendorf_AFB, 0, B0953, Truck-5, 2, 2230, 0
Mud_Bay_Sup, Anchorage_Port, 0, V0023, Truck-5, 2.28555, 200, 0
Mud_Bay_Sup, Fairbanks_Airport, 0, V4652, Truck-5, 67, 1, 0
Mud_Bay_Sup, Fairbanks_Airport, 0, C7915, Truck-5, 5, 120, 0
Mud_Bay_Sup, Fairbanks_Airport, 0, V4340, Truck-5, 39.5732, 200, 0
Mud_Bay_Sup, Fairbanks_Airport, 0, V4550, Truck-5, 0.329568, 200, 0
Mud_Bay_Sup, Fairbanks_Airport, 0, K4250, Truck-5, 40, 1, 0
Mud_Bay_Sup, Fairbanks_Airport, 0, B13202E, Truck-5, 5, 200, 0
Mud_Bay_Sup, Fairbanks_Airport, 0, D0475, Truck-5, 1, 1, 10000
Mud_Bay_Sup, Fairbanks_Airport, 0, C4546, Truck-5, 10, 3, 0
Mud_Bay_Sup, Fairbanks_Airport, 0, H7030, Truck-5, 5, 1, 0
Anchorage_Port, Juneau_Airport, 0, LAU-147_Crate, Truck-5, 1, 140, 0
Anchorage_Port, Juneau_Airport, 0, ADU-933_Crate, Truck-5, 1, 80, 0
Anchorage_Port, Juneau_Airport, 0, LH859, Truck-5, 1, 5500, 0
Anchorage_Port, Juneau_Airport, 0, ADU-932_Crate, Truck-5, 1, 80, 0
Anchorage_Port, Juneau_Airport, 0, LAU-151A, Truck-5, 1, 140, 0
Anchorage_Port, Juneau_Airport, 0, COMPONENT_HANDLING_JACK, Truck-5, 1, 910, 0
Anchorage_Port, Juneau_Airport, 0, MEPP-6_270_POWER_CART_Sea_Lift, Truck-5, 1, 5500, 0
Anchorage_Port, Juneau_Airport, 0, BRU-67_Crate, Truck-5, 1, 190, 0
Anchorage_Port, Elmendorf_AFB, 0, A0047, Truck-5, 0.692161, 7550, 0
Anchorage_Port, Elmendorf_AFB, 0, YN706, Truck-5, 0.916038, 4910, 0
Anchorage_Port, Fairbanks_Airport, 0, E1500, LowBoyTractor, 1, 37020, 10000
Anchorage_Port, Fairbanks_Airport, 0, D1063, Truck-5, 1, 34400, 10000
Anchorage_Port, Fairbanks_Airport, 0, A0292, Truck-5, 1, 10300, 0
Anchorage_Port, Fairbanks_Airport, 0, E0043, Truck-5, 1, 12060, 10000
Camp_Pendleton_Airport, Nome_Airport, 1, 1479AS500, C-17, 0.114579, 300, 0
Camp_Pendleton_Airport, Nome_Airport, 1, A0073, C-17, 4, 1, 0
Camp_Pendleton_Airport, Nome_Airport, 1, 040489-10, C-17, 1, 4000, 0
Camp_Pendleton_Airport, Nome_Airport, 1, 10-10-0002, C-17, 1, 12500, 0
Port_Chilkoot, Nome_Port, 1, D0005, OSV, 0.107319, 44480, 10000
Port_Chilkoot, Nome_Port, 1, D0862, OSV, 1.22076, 10500, 10000
Port_Chilkoot, Nome_Port, 1, D1001, OSV, 0.189289, 7960, 10000
Anchorage_Port, Seward_MPF_Port, 1, AIR_CONDITIONER-DIESEL-LAND_BASED, OSV, 0.67978, 14160, 0
Anchorage_Port, Nome_Port, 1, PORTABLE_FLOOR_CRANE, OSV, 0.941221, 330, 0
Anchorage_Port, Nome_Port, 1, CART-PAO_SEVICING-DIESEL, OSV, 0.169209, 12310, 0
Anchorage_Port, Nome_Port, 1, C44332E, OSV, 1, 4830, 10000
Anchorage_Port, Nome_Port, 1, COMPRESSOR_UNIT-ROTARY, OSV, 1, 2500, 0
Mosquito_Lake_Sup, Juneau_Airport, 1, NIIN_14671753, Truck-5, 648.237, 15, 0
Mosquito_Lake_Sup, Fairbanks_Airport, 1, V0012, Truck-5, 2.51873, 200, 0
Mosquito_Lake_Sup, Fairbanks_Airport, 1, V4355, Truck-5, 22.9079, 200, 0
Mosquito_Lake_Sup, Fairbanks_Airport, 1, V4340, Truck-5, 23.1911, 200, 0
Tanani_Sup, Juneau_Airport, 1, NIIN_14671753, Truck-5, 648.237, 15, 0
Tanani_Sup, Mosquito_Lake_Sup, 1, V0024, LowBoyTractor, 48.6178, 200, 0
Tanani_Sup, Port_Chilkoot, 1, C8640, Truck-5, 1, 200, 0
Tanani_Sup, Port_Chilkoot, 1, C8638, Truck-5, 1, 720, 0
Tanani_Sup, Port_Chilkoot, 1, C8740, Truck-5, 1, 200, 0
Tanani_Sup, Port_Chilkoot, 1, C8648, Truck-5, 1, 200, 0
Tanani_Sup, Port_Chilkoot, 1, V0024, Truck-5, 35.0434, 200, 0
Tanani_Sup, Port_Chilkoot, 1, D0030, Truck-5, 0.132846, 10500, 10000
Tanani_Sup, Elmendorf_AFB, 1, V0026, Truck-5, 48.1488, 200, 0
Tanani_Sup, Elmendorf_AFB, 1, V4011, Truck-5, 0.469048, 200, 0
Tanani_Sup, Anchorage_Port, 1, B0027, Truck-5, 0.157037, 311, 0
Tanani_Sup, Anchorage_Port, 1, V0024, Truck-5, 48.3736, 200, 0
Tanani_Sup, Fairbanks_Airport, 1, V0026, Truck-5, 48.6178, 200, 0
Mud_Bay_Sup, Juneau_Airport, 1, V0012, Truck-5, 38.4528, 200, 0
Mud_Bay_Sup, Juneau_Airport, 1, NIIN_1491094, Truck-5, 8.22581, 22, 0
Mud_Bay_Sup, Juneau_Airport, 1, NIIN_14671753, Truck-5, 123.469, 15, 0
Mud_Bay_Sup, Mosquito_Lake_Sup, 1, V4355, LowBoyTractor, 48.6178, 200, 0
Mud_Bay_Sup, Port_Chilkoot, 1, B0063, LowBoyTractor, 0.115063, 46420, 0
Mud_Bay_Sup, Port_Chilkoot, 1, B1021, LowBoyTractor, 0.873572, 3230, 0
Mud_Bay_Sup, Port_Chilkoot, 1, V0012, Truck-5, 7.80344, 200, 0
Mud_Bay_Sup, Elmendorf_AFB, 1, V0028, Truck-5, 39.5922, 200, 0
Mud_Bay_Sup, Elmendorf_AFB, 1, V0026, Truck-5, 28.8054, 200, 0
Mud_Bay_Sup, Elmendorf_AFB, 1, C8640, Truck-5, 1, 200, 0
Mud_Bay_Sup, Elmendorf_AFB, 1, C8638, Truck-5, 0.527216, 720, 0
Mud_Bay_Sup, Elmendorf_AFB, 1, D0013, Truck-5, 1, 200, 10000
Mud_Bay_Sup, Elmendorf_AFB, 1, B0640, Truck-5, 5, 1920, 0
Mud_Bay_Sup, Elmendorf_AFB, 1, V0024, Truck-5, 60, 200, 0
Mud_Bay_Sup, Elmendorf_AFB, 1, M5030, Truck-5, 2, 510, 0
Mud_Bay_Sup, Elmendorf_AFB, 1, B1021, Truck-5, 8.19098, 3230, 0
Mud_Bay_Sup, Fairbanks_Airport, 1, V4355, Truck-5, 48.6178, 200, 0
Anchorage_Port, Elmendorf_AFB, 1, B00147B, Truck-5, 1, 560, 0
Anchorage_Port, Elmendorf_AFB, 1, A0047, Truck-5, 0.223085, 7550, 0
Anchorage_Port, Elmendorf_AFB, 1, A32327G, Truck-5, 0.651939, 10840, 0
Anchorage_Port, Elmendorf_AFB, 1, YN706, Truck-5, 0.0839618, 4910, 0
Seward_MPF_Port, Elmendorf_AFB, 1, C44332E, LowBoyTractor, 1, 4830, 10000
Seward_MPF_Port, Elmendorf_AFB, 1, A32327G, LowBoyTractor, 0.0862244, 10840, 0
Seward_MPF_Port, Elmendorf_AFB, 1, B09537B, LowBoyTractor, 1, 2220, 0
Seward_MPF_Port, Elmendorf_AFB, 1, A0047, Truck-5, 0.0847541, 7550, 0
Seward_MPF_Port, Elmendorf_AFB, 1, A32327G, Truck-5, 0.261837, 10840, 0
Juneau_Airport, Elmendorf_AFB, 2, B0049, C-17, 0.91141, 7410, 0
Juneau_Airport, Elmendorf_AFB, 2, D0862, C-17, 0.77924, 10500, 10000
Juneau_Airport, Elmendorf_AFB, 2, B0027, C-17, 0.964236, 311, 0
Juneau_Airport, Elmendorf_AFB, 2, D0033, C-17, 1.55821, 10740, 10000
Juneau_Airport, Elmendorf_AFB, 2, D1001, C-17, 0.367735, 7960, 10000
Juneau_Airport, Nome_Airport, 2, LAU-147_Crate, C-17, 1, 140, 0
Juneau_Airport, Nome_Airport, 2, B0027, C-17, 1.78756, 311, 0
Juneau_Airport, Nome_Airport, 2, B0008, C-17, 2, 794, 0
Juneau_Airport, Nome_Airport, 2, ADU-933_Crate, C-17, 1, 80, 0
Juneau_Airport, Nome_Airport, 2, D0033, C-17, 0.670664, 10740, 10000
Juneau_Airport, Nome_Airport, 2, B2085, C-17, 1, 2600, 0
Juneau_Airport, Nome_Airport, 2, LH859, C-17, 1, 5500, 0
Juneau_Airport, Nome_Airport, 2, ADU-932_Crate, C-17, 1, 80, 0
Juneau_Airport, Nome_Airport, 2, LAU-151A, C-17, 1, 140, 0
Juneau_Airport, Nome_Airport, 2, COMPONENT_HANDLING_JACK, C-17, 1, 910, 0
Juneau_Airport, Nome_Airport, 2, C0035, C-17, 1, 887, 0
Juneau_Airport, Nome_Airport, 2, MEPP-6_270_POWER_CART_Sea_Lift, C-17, 1, 5500, 0
Juneau_Airport, Nome_Airport, 2, BRU-67_Crate, C-17, 1, 190, 0
Juneau_Airport, Nome_Airport, 2, B0014, C-17, 5, 736, 0
Elmendorf_AFB, Juneau_Airport, 2, V4355, C-17, 41.2285, 200, 0
Elmendorf_AFB, Juneau_Airport, 2, D0030, C-17, 0.867154, 10500, 10000
Elmendorf_AFB, Juneau_Airport, 2, C4433, C-17, 1, 3260, 10000
Elmendorf_AFB, Nome_Airport, 2, C6621, C-17, 4, 2687, 0
Elmendorf_AFB, Nome_Airport, 2, V0012, C-17, 7, 200, 0
Elmendorf_AFB, Nome_Airport, 2, B0031, C-17, 1, 1045, 0
Elmendorf_AFB, Nome_Airport, 2, B2035, C-17, 2, 200, 0
Elmendorf_AFB, Nome_Airport, 2, A0073, C-17, 2, 1, 0
Elmendorf_AFB, Nome_Airport, 2, C7915, C-17, 2, 120, 0
Elmendorf_AFB, Nome_Airport, 2, K4959, C-17, 6, 505, 0
Elmendorf_AFB, Nome_Airport, 2, V4355, C-17, 28, 200, 0
Elmendorf_AFB, Nome_Airport, 2, B0030, C-17, 2, 1045, 0
Elmendorf_AFB, Nome_Airport, 2, B0029, C-17, 2, 534, 0
Elmendorf_AFB, Nome_Airport, 2, C79052B, C-17, 1, 200, 0
Elmendorf_AFB, Nome_Airport, 2, V4340, C-17, 6, 200, 0
Elmendorf_AFB, Nome_Airport, 2, K4895, C-17, 2, 1, 0
Elmendorf_AFB, Nome_Airport, 2, B0028, C-17, 5, 455, 0
Elmendorf_AFB, Nome_Airport, 2, K4343, C-17, 6, 200, 0
Elmendorf_AFB, Nome_Airport, 2, V0023, C-17, 2, 200, 0
Elmendorf_AFB, Nome_Airport, 2, A7706, C-17, 2, 18, 0
Elmendorf_AFB, Nome_Airport, 2, V4550, C-17, 2, 200, 0
Elmendorf_AFB, Nome_Airport, 2, V4610, C-17, 2, 200, 0
Elmendorf_AFB, Nome_Airport, 2, D0880, C-17, 1, 200, 10000
Elmendorf_AFB, Nome_Airport, 2, A0097, C-17, 2, 2, 0
Elmendorf_AFB, Nome_Airport, 2, K4250, C-17, 20, 1, 0
Elmendorf_AFB, Nome_Airport, 2, C4433, C-17, 5, 3260, 10000
Elmendorf_AFB, Nome_Airport, 2, K4128, C-17, 6, 1, 0
Elmendorf_AFB, Nome_Airport, 2, C4880, C-17, 9, 200, 0
Elmendorf_AFB, Nome_Airport, 2, C4546, C-17, 9, 3, 0
Elmendorf_AFB, Nome_Airport, 2, M5030, C-17, 1, 510, 0
Elmendorf_AFB, Nome_Airport, 2, C0078, C-17, 6, 200, 0
Elmendorf_AFB, Nome_Airport, 2, C0138, C-17, 3, 730, 0
Elmendorf_AFB, Nome_Airport, 2, B0953, C-17, 2, 2230, 0
Anchorage_Port, Nome_Port, 2, B0027, OSV, 0.0283795, 311, 0
Anchorage_Port, Nome_Port, 2, D0033, OSV, 0.0703168, 10740, 10000
Anchorage_Port, Nome_Port, 2, A04037G, OSV, 0.83022, 10300, 0
Anchorage_Port, Nome_Port, 2, A0067, OSV, 0.0417456, 9780, 0
Juneau_Airport, Fairbanks_Airport, 2, V0012, Truck-5, 38.4528, 200, 0
Juneau_Airport, Fairbanks_Airport, 2, V4355, Truck-5, 48.6178, 200, 0
Juneau_Airport, Fairbanks_Airport, 2, A0067, Truck-5, 2, 9780, 0
Mosquito_Lake_Sup, Juneau_Airport, 2, D0003, LowBoyTractor, 0.218605, 44480, 10000
Mosquito_Lake_Sup, Port_Chilkoot, 2, D0003, LowBoyTractor, 0.0829107, 44480, 10000
Mosquito_Lake_Sup, Fairbanks_Airport, 2, V0024, Truck-5, 48.6178, 200, 0
Tanani_Sup, Juneau_Airport, 2, B0063, LowBoyTractor, 0.104026, 46420, 0
Tanani_Sup, Juneau_Airport, 2, B1021, LowBoyTractor, 0.789774, 3230, 0
Tanani_Sup, Juneau_Airport, 2, V0026, Truck-5, 2.50011, 200, 0
Tanani_Sup, Juneau_Airport, 2, NIIN_1491094, Truck-5, 3.22581, 22, 0
Tanani_Sup, Juneau_Airport, 2, NIIN_14671753, Truck-5, 118.182, 15, 0
Tanani_Sup, Port_Chilkoot, 2, V0024, Truck-5, 48.6178, 200, 0
Tanani_Sup, Elmendorf_AFB, 2, C8604, Truck-5, 1, 200, 0
Tanani_Sup, Elmendorf_AFB, 2, V0026, Truck-5, 5.86838, 200, 0
Tanani_Sup, Elmendorf_AFB, 2, C8600, Truck-5, 1, 200, 0
Tanani_Sup, Elmendorf_AFB, 2, NIIN_1491094, Truck-5, 3.22581, 22, 0
Tanani_Sup, Elmendorf_AFB, 2, C8740, Truck-5, 1, 200, 0
Tanani_Sup, Elmendorf_AFB, 2, V4011, Truck-5, 1.53095, 200, 0
Tanani_Sup, Elmendorf_AFB, 2, V0024, Truck-5, 28, 200, 0
Tanani_Sup, Elmendorf_AFB, 2, C8614, Truck-5, 1, 200, 0
Tanani_Sup, Elmendorf_AFB, 2, NIIN_14671753, Truck-5, 118.182, 15, 0
Tanani_Sup, Anchorage_Port, 2, V0026, Truck-5, 48.6178, 200, 0
Tanani_Sup, Fairbanks_Airport, 2, V0026, Truck-5, 48.6178, 200, 0
Mud_Bay_Sup, Juneau_Airport, 2, B0063, LowBoyTractor, 0.209469, 46420, 0
Mud_Bay_Sup, Port_Chilkoot, 2, D0005, LowBoyTractor, 0.0368087, 44480, 10000
Mud_Bay_Sup, Port_Chilkoot, 2, B0063, LowBoyTractor, 0.0915721, 46420, 0
Mud_Bay_Sup, Port_Chilkoot, 2, D0054, LowBoyTractor, 0.0538547, 71220, 10000
Mud_Bay_Sup, Elmendorf_AFB, 2, V0012, Truck-5, 48.6178, 200, 0
Mud_Bay_Sup, Elmendorf_AFB, 2, V4340, Truck-5, 48.6178, 200, 0
Mud_Bay_Sup, Elmendorf_AFB, 2, C8638, Truck-5, 0.472784, 720, 0
Mud_Bay_Sup, Seward_MPF_Port, 2, B2565, Truck-5, 0.123367, 11700, 0
Mud_Bay_Sup, Seward_MPF_Port, 2, V4610, Truck-5, 15.9633, 200, 0
Mud_Bay_Sup, Seward_MPF_Port, 2, D0035, Truck-5, 0.0192066, 12400, 10000
Mud_Bay_Sup, Fairbanks_Airport, 2, V4355, Truck-5, 48.6178, 200, 0
Port_Chilkoot, Juneau_Airport, 2, C7915, LowBoyTractor, 2, 120, 0
Port_Chilkoot, Juneau_Airport, 2, B0063, LowBoyTractor, 0.222286, 46420, 0
Port_Chilkoot, Juneau_Airport, 2, D0054, LowBoyTractor, 0.0425963, 71220, 10000
Port_Chilkoot, Juneau_Airport, 2, B1021, LowBoyTractor, 1.07793, 3230, 0
Port_Chilkoot, Juneau_Airport, 2, C8640, Truck-5, 1, 200, 0
Port_Chilkoot, Juneau_Airport, 2, V4355, Truck-5, 4.88921, 200, 0
Port_Chilkoot, Juneau_Airport, 2, M0001, Truck-5, 1, 790, 0
Port_Chilkoot, Juneau_Airport, 2, B0027, Truck-5, 0.18215, 311, 0
Port_Chilkoot, Juneau_Airport, 2, C8638, Truck-5, 1, 720, 0
Port_Chilkoot, Juneau_Airport, 2, C8740, Truck-5, 1, 200, 0
Port_Chilkoot, Juneau_Airport, 2, D0030, Truck-5, 0.132846, 10500, 10000
Port_Chilkoot, Juneau_Airport, 2, B1021, Truck-5, 0.941322, 3230, 0
Port_Chilkoot, Fairbanks_Airport, 2, V0012, Truck-5, 12.5744, 200, 0
Port_Chilkoot, Fairbanks_Airport, 2, C8648, Truck-5, 1, 200, 0
Port_Chilkoot, Fairbanks_Airport, 2, V0024, Truck-5, 35.0434, 200, 0
Elmendorf_AFB, Fairbanks_Airport, 2, V4355, Truck-5, 48.6178, 200, 0
Anchorage_Port, Fairbanks_Airport, 2, V0026, Truck-5, 18.5925, 200, 0
Anchorage_Port, Fairbanks_Airport, 2, C8640, Truck-5, 1, 200, 0
Anchorage_Port, Fairbanks_Airport, 2, V0023, Truck-5, 2.28555, 200, 0
Anchorage_Port, Fairbanks_Airport, 2, V0024, Truck-5, 26.7397, 200, 0
Seward_MPF_Port, Fairbanks_Airport, 2, V0026, Truck-5, 48.6178, 200, 0
Nome_Airport, Teller_Dest, 2, 1479AS500, LowBoyTractor, 1, 300, 0
Nome_Airport, Teller_Dest, 2, A0073, LowBoyTractor, 4, 1, 0
Nome_Airport, Teller_Dest, 2, D0022, LowBoyTractor, 0.124069, 7840, 10000
Nome_Airport, Teller_Dest, 2, 040489-10, LowBoyTractor, 1, 4000, 0
Nome_Airport, Teller_Dest, 2, 10-10-0002, LowBoyTractor, 0.479502, 12500, 0
Nome_Airport, Teller_Dest, 2, 3573AS100-1, Truck-5, 1, 2100, 0
Nome_Airport, Teller_Dest, 2, D0022, Truck-5, 1.87593, 7840, 10000
Nome_Airport, Teller_Dest, 2, A0067, Truck-5, 2, 9780, 0
Nome_Airport, Teller_Dest, 2, 10-10-0002, Truck-5, 0.520498, 12500, 0
Juneau_Airport, Elmendorf_AFB, 3, B0063, C-17, 0.209469, 46420, 0
Juneau_Airport, Nome_Airport, 3, B0027, C-17, 0.601222, 311, 0
Juneau_Airport, Nome_Airport, 3, B1021, C-17, 2.80902, 3230, 0
Elmendorf_AFB, Nome_Airport, 3, V0028, C-17, 28, 200, 0
Elmendorf_AFB, Nome_Airport, 3, V0026, C-17, 16.9542, 200, 0
Elmendorf_AFB, Nome_Airport, 3, C8640, C-17, 1, 200, 0
Elmendorf_AFB, Nome_Airport, 3, C8638, C-17, 0.527216, 720, 0
Elmendorf_AFB, Nome_Airport, 3, D0013, C-17, 1, 200, 10000
Elmendorf_AFB, Nome_Airport, 3, B0640, C-17, 1, 1920, 0
Elmendorf_AFB, Nome_Airport, 3, V4011, C-17, 0.469048, 200, 0
Elmendorf_AFB, Nome_Airport, 3, M5030, C-17, 2, 510, 0
Elmendorf_AFB, Nome_Airport, 3, B1021, C-17, 1.19098, 3230, 0
Port_Chilkoot, Nome_Port, 3, D0003, OSV, 0.0829107, 44480, 10000
Port_Chilkoot, Nome_Port, 3, D0005, OSV, 0.0368087, 44480, 10000
Port_Chilkoot, Nome_Port, 3, B0063, OSV, 0.00355069, 46420, 0
Anchorage_Port, Nome_Port, 3, CART-PAO_SEVICING-DIESEL, OSV, 0.561522, 12310, 0
Anchorage_Port, Nome_Port, 3, B0027, OSV, 0.157037, 311, 0
Anchorage_Port, Nome_Port, 3, AIR_CONDITIONER-DIESEL-LAND_BASED, OSV, 0.124944, 14160, 0
Anchorage_Port, Nome_Port, 3, A04037G, OSV, 0.0834246, 10300, 0
Anchorage_Port, Nome_Port, 3, B2566, OSV, 0.00996267, 13440, 0
Seward_MPF_Port, Nome_Port, 3, D0034, OSV, 1, 11500, 10000
Seward_MPF_Port, Nome_Port, 3, A0067, OSV, 2.79276, 9780, 0
Seward_MPF_Port, Nome_Port, 3, D0030, OSV, 0.00506335, 10500, 10000
Seward_MPF_Port, Nome_Port, 3, D12147K, OSV, 0.140248, 67600, 10000
Juneau_Airport, Fairbanks_Airport, 3, V0026, Truck-5, 2.50011, 200, 0
Juneau_Airport, Fairbanks_Airport, 3, V4355, Truck-5, 46.1177, 200, 0
Mosquito_Lake_Sup, Juneau_Airport, 3, D0003, LowBoyTractor, 0.218605, 44480, 10000
Mosquito_Lake_Sup, Mud_Bay_Sup, 3, B0027, Truck-5, 0.363244, 311, 0
Mosquito_Lake_Sup, Port_Chilkoot, 3, D0003, LowBoyTractor, 0.113969, 44480, 10000
Mosquito_Lake_Sup, Elmendorf_AFB, 3, B0049, Truck-5, 0.420637, 7410, 0
Mosquito_Lake_Sup, Elmendorf_AFB, 3, B0027, Truck-5, 0.263164, 311, 0
Mosquito_Lake_Sup, Elmendorf_AFB, 3, D0033, Truck-5, 1.15715, 10740, 10000
Mosquito_Lake_Sup, Fairbanks_Airport, 3, V4355, Truck-5, 48.6178, 200, 0
Tanani_Sup, Juneau_Airport, 3, V0026, Truck-5, 39.3993, 200, 0
Tanani_Sup, Juneau_Airport, 3, NIIN_1491094, Truck-5, 3.22581, 22, 0
Tanani_Sup, Juneau_Airport, 3, NIIN_14671753, Truck-5, 118.182, 15, 0
Tanani_Sup, Mosquito_Lake_Sup, 3, V0028, Truck-5, 47.9961, 200, 0
Tanani_Sup, Mosquito_Lake_Sup, 3, D0215, Truck-5, 0.00812636, 15300, 10000
Tanani_Sup, Port_Chilkoot, 3, V0028, Truck-5, 48.6178, 200, 0
Tanani_Sup, Elmendorf_AFB, 3, NIIN_1491094, Truck-5, 3.22581, 22, 0
Tanani_Sup, Elmendorf_AFB, 3, V0024, Truck-5, 39.3993, 200, 0
Tanani_Sup, Elmendorf_AFB, 3, NIIN_14671753, Truck-5, 118.182, 15, 0
Tanani_Sup, Anchorage_Port, 3, V4011, Truck-5, 14.6585, 200, 0
Tanani_Sup, Anchorage_Port, 3, D0030, Truck-5, 0.646845, 10500, 10000
Tanani_Sup, Seward_MPF_Port, 3, V0028, Truck-5, 48.6178, 200, 0
Tanani_Sup, Fairbanks_Airport, 3, V0028, Truck-5, 48.6178, 200, 0
Mud_Bay_Sup, Juneau_Airport, 3, B0063, LowBoyTractor, 0.0875589, 46420, 0
Mud_Bay_Sup, Juneau_Airport, 3, D0054, LowBoyTractor, 0.0535718, 71220, 10000
Mud_Bay_Sup, Juneau_Airport, 3, V4610, Truck-5, 9.21848, 200, 0
Mud_Bay_Sup, Mosquito_Lake_Sup, 3, D0235, Truck-5, 0.271215, 19600, 10000
Mud_Bay_Sup, Mosquito_Lake_Sup, 3, V4355, Truck-5, 22.0387, 200, 0
Mud_Bay_Sup, Port_Chilkoot, 3, B0063, LowBoyTractor, 0.127311, 46420, 0
Mud_Bay_Sup, Port_Chilkoot, 3, D0054, LowBoyTractor, 0.0535496, 71220, 10000
Mud_Bay_Sup, Elmendorf_AFB, 3, V0012, Truck-5, 57.8363, 200, 0
Mud_Bay_Sup, Elmendorf_AFB, 3, D0035, Truck-5, 0.576715, 12400, 10000
Mud_Bay_Sup, Elmendorf_AFB, 3, D0030, Truck-5, 1.78146, 10500, 10000
Mud_Bay_Sup, Anchorage_Port, 3, B2565, Truck-5, 0.250572, 11700, 0
Mud_Bay_Sup, Anchorage_Port, 3, V0023, Truck-5, 33.9594, 200, 0
Mud_Bay_Sup, Fairbanks_Airport, 3, V4355, Truck-5, 48.6178, 200, 0
Port_Chilkoot, Juneau_Airport, 3, B0063, LowBoyTractor, 0.0880214, 46420, 0
Port_Chilkoot, Juneau_Airport, 3, D0054, LowBoyTractor, 0.0538547, 71220, 10000
Port_Chilkoot, Fairbanks_Airport, 3, V0024, Truck-5, 48.6178, 200, 0
Elmendorf_AFB, Anchorage_Port, 3, B0049, Truck-5, 0.91141, 7410, 0
Elmendorf_AFB, Anchorage_Port, 3, D1001, Truck-5, 0.367735, 7960, 10000
Elmendorf_AFB, Seward_MPF_Port, 3, D0862, Truck-5, 0.77924, 10500, 10000
Elmendorf_AFB, Seward_MPF_Port, 3, D0033, Truck-5, 1.55821, 10740, 10000
Elmendorf_AFB, Fairbanks_Airport, 3, V4355, Truck-5, 48.6178, 200, 0
Anchorage_Port, Fairbanks_Airport, 3, V0024, Truck-5, 48.6178, 200, 0
Seward_MPF_Port, Elmendorf_AFB, 3, V0026, Truck-5, 5.17744, 200, 0
Seward_MPF_Port, Elmendorf_AFB, 3, V4012, Truck-5, 2, 200, 0
Seward_MPF_Port, Fairbanks_Airport, 3, V0028, Truck-5, 48.6178, 200, 0
Fairbanks_Airport, Juneau_Airport, 3, B0027, Truck-5, 0.443632, 311, 0
Fairbanks_Airport, Elmendorf_AFB, 3, B0027, Truck-5, 0.218015, 311, 0
Fairbanks_Airport, Anchorage_Port, 3, B0027, Truck-5, 0.137745, 311, 0
Nome_Airport, Nome_Port, 3, V0012, LowBoyTractor, 7, 200, 0
Nome_Airport, Nome_Port, 3, B2035, LowBoyTractor, 2, 200, 0
Nome_Airport, Nome_Port, 3, C79052B, LowBoyTractor, 1, 200, 0
Nome_Airport, Nome_Port, 3, V4340, LowBoyTractor, 6, 200, 0
Nome_Airport, Nome_Port, 3, D0033, LowBoyTractor, 0.555346, 10740, 10000
Nome_Airport, Nome_Port, 3, K4343, LowBoyTractor, 6, 200, 0
Nome_Airport, Nome_Port, 3, V0023, LowBoyTractor, 2, 200, 0
Nome_Airport, Nome_Port, 3, B2085, LowBoyTractor, 0.46546, 2600, 0
Nome_Airport, Nome_Port, 3, LH859, LowBoyTractor, 1, 5500, 0
Nome_Airport, Nome_Port, 3, V4550, LowBoyTractor, 2, 200, 0
Nome_Airport, Nome_Port, 3, V4610, LowBoyTractor, 2, 200, 0
Nome_Airport, Nome_Port, 3, D0880, LowBoyTractor, 1, 200, 10000
Nome_Airport, Nome_Port, 3, COMPONENT_HANDLING_JACK, LowBoyTractor, 0.215034, 910, 0
Nome_Airport, Nome_Port, 3, M5030, LowBoyTractor, 1, 510, 0
Nome_Airport, Nome_Port, 3, C0078, LowBoyTractor, 0.3098, 200, 0
Nome_Airport, Nome_Port, 3, B0953, LowBoyTractor, 2, 2230, 0
Nome_Airport, Nome_Port, 3, C6621, Truck-5, 4, 2687, 0
Nome_Airport, Nome_Port, 3, B0031, Truck-5, 1, 1045, 0
Nome_Airport, Nome_Port, 3, K4959, Truck-5, 6, 505, 0
Nome_Airport, Nome_Port, 3, B0027, Truck-5, 0.705786, 311, 0
Nome_Airport, Nome_Port, 3, B0030, Truck-5, 2, 1045, 0
Nome_Airport, Nome_Port, 3, B0029, Truck-5, 2, 534, 0
Nome_Airport, Nome_Port, 3, B0008, Truck-5, 2, 794, 0
Nome_Airport, Nome_Port, 3, B0028, Truck-5, 5, 455, 0
Nome_Airport, Nome_Port, 3, B2085, Truck-5, 0.53454, 2600, 0
Nome_Airport, Nome_Port, 3, COMPONENT_HANDLING_JACK, Truck-5, 0.784966, 910, 0
Nome_Airport, Nome_Port, 3, C4433, Truck-5, 4.77817, 3260, 10000
Nome_Airport, Nome_Port, 3, C0035, Truck-5, 1, 887, 0
Nome_Airport, Nome_Port, 3, MEPP-6_270_POWER_CART_Sea_Lift, Truck-5, 1, 5500, 0
Nome_Airport, Nome_Port, 3, B0014, Truck-5, 5, 736, 0
Nome_Airport, Nome_Port, 3, C0138, Truck-5, 3, 730, 0
Nome_Airport, Teller_Dest, 3, A0073, Truck-5, 2, 1, 0
Nome_Airport, Teller_Dest, 3, C7915, Truck-5, 2, 120, 0
Nome_Airport, Teller_Dest, 3, LAU-147_Crate, Truck-5, 1, 140, 0
Nome_Airport, Teller_Dest, 3, V4355, Truck-5, 28, 200, 0
Nome_Airport, Teller_Dest, 3, B0027, Truck-5, 0.702643, 311, 0
Nome_Airport, Teller_Dest, 3, K4895, Truck-5, 2, 1, 0
Nome_Airport, Teller_Dest, 3, ADU-933_Crate, Truck-5, 1, 80, 0
Nome_Airport, Teller_Dest, 3, A7706, Truck-5, 2, 18, 0
Nome_Airport, Teller_Dest, 3, ADU-932_Crate, Truck-5, 1, 80, 0
Nome_Airport, Teller_Dest, 3, A0097, Truck-5, 2, 2, 0
Nome_Airport, Teller_Dest, 3, LAU-151A, Truck-5, 1, 140, 0
Nome_Airport, Teller_Dest, 3, K4250, Truck-5, 20, 1, 0
Nome_Airport, Teller_Dest, 3, K4128, Truck-5, 6, 1, 0
Nome_Airport, Teller_Dest, 3, C4880, Truck-5, 9, 200, 0
Nome_Airport, Teller_Dest, 3, C4546, Truck-5, 9, 3, 0
Nome_Airport, Teller_Dest, 3, BRU-67_Crate, Truck-5, 1, 190, 0
Nome_Airport, Teller_Dest, 3, C0078, Truck-5, 5.6902, 200, 0
Juneau_Airport, Elmendorf_AFB, 4, B0063, C-17, 0.209469, 46420, 0
Elmendorf_AFB, Juneau_Airport, 4, V0012, C-17, 48.6178, 200, 0
Elmendorf_AFB, Juneau_Airport, 4, NIIN_1491094, C-17, 3.22581, 22, 0
Elmendorf_AFB, Juneau_Airport, 4, NIIN_14671753, C-17, 118.182, 15, 0
Elmendorf_AFB, Nome_Airport, 4, C8604, C-17, 1, 200, 0
Elmendorf_AFB, Nome_Airport, 4, V0026, C-17, 11.0458, 200, 0
Elmendorf_AFB, Nome_Airport, 4, C8600, C-17, 1, 200, 0
Elmendorf_AFB, Nome_Airport, 4, B0027, C-17, 0.218015, 311, 0
Elmendorf_AFB, Nome_Airport, 4, C8638, C-17, 0.472784, 720, 0
Elmendorf_AFB, Nome_Airport, 4, C8740, C-17, 1, 200, 0
Elmendorf_AFB, Nome_Airport, 4, V4011, C-17, 1.53095, 200, 0
Elmendorf_AFB, Nome_Airport, 4, V4012, C-17, 2, 200, 0
Elmendorf_AFB, Nome_Airport, 4, V0024, C-17, 28, 200, 0
Elmendorf_AFB, Nome_Airport, 4, C8614, C-17, 1, 200, 0
Port_Chilkoot, Nome_Port, 4, D0003, OSV, 0.113969, 44480, 10000
Port_Chilkoot, Nome_Port, 4, B0063, OSV, 0.127311, 46420, 0
Anchorage_Port, Nome_Port, 4, B0049, OSV, 0.91141, 7410, 0
Anchorage_Port, Nome_Port, 4, B0027, OSV, 0.137745, 311, 0
Anchorage_Port, Nome_Port, 4, D1001, OSV, 0.367735, 7960, 10000
Seward_MPF_Port, Nome_Port, 4, B2565, OSV, 0.123367, 11700, 0
Seward_MPF_Port, Nome_Port, 4, D0862, OSV, 0.77924, 10500, 10000
Seward_MPF_Port, Nome_Port, 4, AIR_CONDITIONER-DIESEL-LAND_BASED, OSV, 0.0107268, 14160, 0
Seward_MPF_Port, Nome_Port, 4, D0033, OSV, 1.55821, 10740, 10000
Seward_MPF_Port, Nome_Port, 4, D0035, OSV, 0.0192066, 12400, 10000
Seward_MPF_Port, Nome_Port, 4, D0030, OSV, 0.673653, 10500, 10000
Seward_MPF_Port, Nome_Port, 4, D12147K, OSV, 0.263779, 67600, 10000
Juneau_Airport, Fairbanks_Airport, 4, V0026, Truck-5, 39.3993, 200, 0
Juneau_Airport, Fairbanks_Airport, 4, V4610, Truck-5, 9.21848, 200, 0
Mosquito_Lake_Sup, Juneau_Airport, 4, D0003, LowBoyTractor, 0.218605, 44480, 10000
Mosquito_Lake_Sup, Port_Chilkoot, 4, D0003, LowBoyTractor, 0.199244, 44480, 10000
Mosquito_Lake_Sup, Port_Chilkoot, 4, D0005, LowBoyTractor, 0.462137, 44480, 10000
Mosquito_Lake_Sup, Port_Chilkoot, 4, D0052, LowBoyTractor, 0.365534, 57300, 10000
Mosquito_Lake_Sup, Fairbanks_Airport, 4, V0028, Truck-5, 47.9961, 200, 0
Mosquito_Lake_Sup, Fairbanks_Airport, 4, V4355, Truck-5, 0.621666, 200, 0
Tanani_Sup, Juneau_Airport, 4, B0063, LowBoyTractor, 0.209469, 46420, 0
Tanani_Sup, Mosquito_Lake_Sup, 4, V0026, LowBoyTractor, 27.2007, 200, 0
Tanani_Sup, Port_Chilkoot, 4, V0028, Truck-5, 48.6178, 200, 0
Tanani_Sup, Elmendorf_AFB, 4, V0028, Truck-5, 48.6178, 200, 0
Tanani_Sup, Anchorage_Port, 4, V0026, Truck-5, 46.8583, 200, 0
Tanani_Sup, Anchorage_Port, 4, D0215, Truck-5, 0.0229999, 15300, 10000
Tanani_Sup, Seward_MPF_Port, 4, V0028, Truck-5, 41.344, 200, 0
Tanani_Sup, Seward_MPF_Port, 4, V0026, Truck-5, 7.27382, 200, 0
Tanani_Sup, Fairbanks_Airport, 4, V0024, Truck-5, 48.6178, 200, 0
Mud_Bay_Sup, Juneau_Airport, 4, B0063, LowBoyTractor, 0.209469, 46420, 0
Mud_Bay_Sup, Port_Chilkoot, 4, B0063, LowBoyTractor, 0.108046, 46420, 0
Mud_Bay_Sup, Port_Chilkoot, 4, D0054, LowBoyTractor, 0.0661062, 71220, 10000
Mud_Bay_Sup, Elmendorf_AFB, 4, B0027, Truck-5, 0.363244, 311, 0
Mud_Bay_Sup, Elmendorf_AFB, 4, D0030, Truck-5, 0.915295, 10500, 10000
Mud_Bay_Sup, Anchorage_Port, 4, B2565, Truck-5, 0.0129826, 11700, 0
Mud_Bay_Sup, Anchorage_Port, 4, V0023, Truck-5, 1.75949, 200, 0
Mud_Bay_Sup, Seward_MPF_Port, 4, B2565, Truck-5, 0.0536705, 11700, 0
Mud_Bay_Sup, Seward_MPF_Port, 4, V4355, Truck-5, 5.27822, 200, 0
Mud_Bay_Sup, Seward_MPF_Port, 4, V0023, Truck-5, 1.9956, 200, 0
Mud_Bay_Sup, Fairbanks_Airport, 4, V4340, Truck-5, 48.6178, 200, 0
Port_Chilkoot, Juneau_Airport, 4, D0054, LowBoyTractor, 0.0535496, 71220, 10000
Port_Chilkoot, Fairbanks_Airport, 4, V0028, Truck-5, 48.6178, 200, 0
Elmendorf_AFB, Fairbanks_Airport, 4, V4340, Truck-5, 48.6178, 200, 0
Anchorage_Port, Fairbanks_Airport, 4, V0026, Truck-5, 48.6178, 200, 0
Seward_MPF_Port, Fairbanks_Airport, 4, V0028, Truck-5, 32.6545, 200, 0
Seward_MPF_Port, Fairbanks_Airport, 4, V4610, Truck-5, 15.9633, 200, 0
Nome_Airport, Nome_Port, 4, B0027, LowBoyTractor, 0.177541, 311, 0
Nome_Airport, Nome_Port, 4, C8638, LowBoyTractor, 0.527216, 720, 0
Nome_Airport, Nome_Port, 4, B0640, LowBoyTractor, 1, 1920, 0
Nome_Airport, Nome_Port, 4, C4433, LowBoyTractor, 0.221826, 3260, 10000
Nome_Airport, Nome_Port, 4, M5030, LowBoyTractor, 2, 510, 0
Nome_Airport, Nome_Port, 4, B1021, LowBoyTractor, 4, 3230, 0
Nome_Airport, Nome_Port, 4, B0027, Truck-5, 0.0345948, 311, 0
Nome_Airport, Nome_Port, 4, D0033, Truck-5, 0.115318, 10740, 10000
Nome_Airport, Teller_Dest, 4, V0028, Truck-5, 28, 200, 0
Nome_Airport, Teller_Dest, 4, V0026, Truck-5, 16.9542, 200, 0
Nome_Airport, Teller_Dest, 4, C8640, Truck-5, 1, 200, 0
Nome_Airport, Teller_Dest, 4, B0027, Truck-5, 0.768221, 311, 0
Nome_Airport, Teller_Dest, 4, D0013, Truck-5, 1, 200, 10000
Nome_Airport, Teller_Dest, 4, V4011, Truck-5, 0.469048, 200, 0
Nome_Port, Teller_Dest, 4, V0012, LowBoyTractor, 7, 200, 0
Nome_Port, Teller_Dest, 4, B2035, LowBoyTractor, 2, 200, 0
Nome_Port, Teller_Dest, 4, PORTABLE_FLOOR_CRANE, LowBoyTractor, 0.0587787, 330, 0
Nome_Port, Teller_Dest, 4, B0008, LowBoyTractor, 2, 794, 0
Nome_Port, Teller_Dest, 4, C79052B, LowBoyTractor, 1, 200, 0
Nome_Port, Teller_Dest, 4, V4340, LowBoyTractor, 6, 200, 0
Nome_Port, Teller_Dest, 4, K4343, LowBoyTractor, 3.75664, 200, 0
Nome_Port, Teller_Dest, 4, HEATER-PORTABLE-DUCT, LowBoyTractor, 1, 1280, 0
Nome_Port, Teller_Dest, 4, V4550, LowBoyTractor, 2, 200, 0
Nome_Port, Teller_Dest, 4, V4610, LowBoyTractor, 2, 200, 0
Nome_Port, Teller_Dest, 4, D0880, LowBoyTractor, 1, 200, 10000
Nome_Port, Teller_Dest, 4, CHARGING_RIG-O2, LowBoyTractor, 1, 2130, 0
Nome_Port, Teller_Dest, 4, C0138, LowBoyTractor, 0.268646, 730, 0
Nome_Port, Teller_Dest, 4, B0953, LowBoyTractor, 2, 2230, 0
Nome_Port, Teller_Dest, 4, B0031, Truck-5, 1, 1045, 0
Nome_Port, Teller_Dest, 4, K4959, Truck-5, 6, 505, 0
Nome_Port, Teller_Dest, 4, DISABLED_WHEEL_DOLLY, Truck-5, 1, 310, 10000
Nome_Port, Teller_Dest, 4, B0030, Truck-5, 2, 1045, 0
Nome_Port, Teller_Dest, 4, HIGH_LIFT_ADAPTER_CRATE, Truck-5, 1, 550, 0
Nome_Port, Teller_Dest, 4, B0029, Truck-5, 2, 534, 0
Nome_Port, Teller_Dest, 4, B0028, Truck-5, 5, 455, 0
Nome_Port, Teller_Dest, 4, K4343, Truck-5, 2.24336, 200, 0
Nome_Port, Teller_Dest, 4, V0023, Truck-5, 2, 200, 0
Nome_Port, Teller_Dest, 4, B2085, Truck-5, 1, 2600, 0
Nome_Port, Teller_Dest, 4, C00772E, Truck-5, 1, 480, 0
Nome_Port, Teller_Dest, 4, COMPONENT_HANDLING_JACK, Truck-5, 1, 910, 0
Nome_Port, Teller_Dest, 4, SUU-95A, Truck-5, 1, 500, 0
Nome_Port, Teller_Dest, 4, C0035, Truck-5, 1, 887, 0
Nome_Port, Teller_Dest, 4, M5030, Truck-5, 1, 510, 0
Nome_Port, Teller_Dest, 4, B0014, Truck-5, 5, 736, 0
Nome_Port, Teller_Dest, 4, C0078, Truck-5, 0.3098, 200, 0
Nome_Port, Teller_Dest, 4, C0138, Truck-5, 2.73135, 730, 0
Nome_Port, Teller_Dest, 4, SUU-96A, Truck-5, 1, 250, 0
Juneau_Airport, Elmendorf_AFB, 5, B0063, C-17, 0.209469, 46420, 0
Juneau_Airport, Nome_Airport, 5, B0027, C-17, 0.443632, 311, 0
Elmendorf_AFB, Juneau_Airport, 5, V0012, C-17, 48.6178, 200, 0
Elmendorf_AFB, Juneau_Airport, 5, NIIN_1491094, C-17, 3.22581, 22, 0
Elmendorf_AFB, Juneau_Airport, 5, NIIN_14671753, C-17, 118.182, 15, 0
Elmendorf_AFB, Nome_Airport, 5, B0049, C-17, 0.420637, 7410, 0
Elmendorf_AFB, Nome_Airport, 5, B0027, C-17, 0.263164, 311, 0
Elmendorf_AFB, Nome_Airport, 5, D0035, C-17, 0.576715, 12400, 10000
Elmendorf_AFB, Nome_Airport, 5, D0030, C-17, 1.78146, 10500, 10000
Port_Chilkoot, Nome_Port, 5, D0003, OSV, 0.199244, 44480, 10000
Anchorage_Port, Nome_Port, 5, B2565, OSV, 0.250572, 11700, 0
Anchorage_Port, Nome_Port, 5, D0030, OSV, 0.646845, 10500, 10000
Juneau_Airport, Fairbanks_Airport, 5, V0012, Truck-5, 48.6178, 200, 0
Mosquito_Lake_Sup, Juneau_Airport, 5, D0003, LowBoyTractor, 0.218605, 44480, 10000
Mosquito_Lake_Sup, Port_Chilkoot, 5, D0005, LowBoyTractor, 0.506413, 44480, 10000
Mosquito_Lake_Sup, Elmendorf_AFB, 5, B0049, Truck-5, 0.667953, 7410, 0
Mosquito_Lake_Sup, Elmendorf_AFB, 5, D0033, Truck-5, 0.444509, 10740, 10000
Mosquito_Lake_Sup, Seward_MPF_Port, 5, D0033, Truck-5, 0.0991503, 10740, 10000
Mosquito_Lake_Sup, Fairbanks_Airport, 5, V0026, Truck-5, 27.2007, 200, 0
Mosquito_Lake_Sup, Fairbanks_Airport, 5, V4355, Truck-5, 21.4171, 200, 0
Tanani_Sup, Juneau_Airport, 5, B0063, LowBoyTractor, 0.209469, 46420, 0
Tanani_Sup, Mosquito_Lake_Sup, 5, V0024, Truck-5, 48.6178, 200, 0
Tanani_Sup, Port_Chilkoot, 5, V0024, Truck-5, 48.6178, 200, 0
Tanani_Sup, Elmendorf_AFB, 5, V0026, Truck-5, 48.6178, 200, 0
Tanani_Sup, Anchorage_Port, 5, D0215, Truck-5, 0.16204, 15300, 10000
Tanani_Sup, Anchorage_Port, 5, V0024, Truck-5, 36.2218, 200, 0
Tanani_Sup, Seward_MPF_Port, 5, V0026, Truck-5, 35.5774, 200, 0
Tanani_Sup, Seward_MPF_Port, 5, D0215, Truck-5, 0.170463, 15300, 10000
Tanani_Sup, Fairbanks_Airport, 5, V0028, Truck-5, 48.6178, 200, 0
Mud_Bay_Sup, Juneau_Airport, 5, B0063, LowBoyTractor, 0.209469, 46420, 0
Mud_Bay_Sup, Port_Chilkoot, 5, D0054, LowBoyTractor, 0.0092736, 71220, 10000
Mud_Bay_Sup, Port_Chilkoot, 5, D0015, LowBoyTractor, 0.0158878, 54000, 10000
Mud_Bay_Sup, Port_Chilkoot, 5, V4355, Truck-5, 41.0258, 200, 0
Mud_Bay_Sup, Anchorage_Port, 5, B2565, Truck-5, 0.205003, 11700, 0
Mud_Bay_Sup, Anchorage_Port, 5, V4550, Truck-5, 1.57784, 200, 0
Mud_Bay_Sup, Anchorage_Port, 5, V4610, Truck-5, 10.8182, 200, 0
Mud_Bay_Sup, Anchorage_Port, 5, D0035, Truck-5, 0.390792, 12400, 10000
Mud_Bay_Sup, Seward_MPF_Port, 5, V4355, Truck-5, 5.76659, 200, 0
Mud_Bay_Sup, Seward_MPF_Port, 5, D0215, Truck-5, 0.257108, 15300, 10000
Mud_Bay_Sup, Seward_MPF_Port, 5, D0035, Truck-5, 0.373911, 12400, 10000
Mud_Bay_Sup, Fairbanks_Airport, 5, V4355, Truck-5, 48.6178, 200, 0
Port_Chilkoot, Juneau_Airport, 5, D0005, LowBoyTractor, 0.166849, 44480, 10000
Port_Chilkoot, Juneau_Airport, 5, B0063, LowBoyTractor, 0.108046, 46420, 0
Port_Chilkoot, Juneau_Airport, 5, D0054, LowBoyTractor, 0.0661062, 71220, 10000
Port_Chilkoot, Fairbanks_Airport, 5, V0028, Truck-5, 48.6178, 200, 0
Elmendorf_AFB, Anchorage_Port, 5, D0033, Truck-5, 0.0950097, 10740, 10000
Elmendorf_AFB, Seward_MPF_Port, 5, D0033, Truck-5, 1.06214, 10740, 10000
Elmendorf_AFB, Fairbanks_Airport, 5, V0012, Truck-5, 9.21848, 200, 0
Elmendorf_AFB, Fairbanks_Airport, 5, V0024, Truck-5, 39.3993, 200, 0
Anchorage_Port, Fairbanks_Airport, 5, V0023, Truck-5, 33.9594, 200, 0
Anchorage_Port, Fairbanks_Airport, 5, V4011, Truck-5, 14.6585, 200, 0
Seward_MPF_Port, Fairbanks_Airport, 5, V0028, Truck-5, 48.6178, 200, 0
Nome_Airport, Teller_Dest, 5, V0026, LowBoyTractor, 11.0458, 200, 0
Nome_Airport, Teller_Dest, 5, B0027, LowBoyTractor, 0.112218, 311, 0
Nome_Airport, Teller_Dest, 5, C8638, LowBoyTractor, 0.472784, 720, 0
Nome_Airport, Teller_Dest, 5, V0024, LowBoyTractor, 28, 200, 0
Nome_Airport, Teller_Dest, 5, C8614, LowBoyTractor, 1, 200, 0
Nome_Airport, Teller_Dest, 5, C8604, Truck-5, 1, 200, 0
Nome_Airport, Teller_Dest, 5, C8600, Truck-5, 1, 200, 0
Nome_Airport, Teller_Dest, 5, B0027, Truck-5, 0.105797, 311, 0
Nome_Airport, Teller_Dest, 5, C8740, Truck-5, 1, 200, 0
Nome_Airport, Teller_Dest, 5, V4011, Truck-5, 1.53095, 200, 0
Nome_Airport, Teller_Dest, 5, V4012, Truck-5, 2, 200, 0
Nome_Port, Teller_Dest, 5, C4433, LowBoyTractor, 3.02836, 3260, 10000
Nome_Port, Teller_Dest, 5, M5030, LowBoyTractor, 1.78392, 510, 0
Nome_Port, Teller_Dest, 5, B1021, LowBoyTractor, 4, 3230, 0
Nome_Port, Teller_Dest, 5, C6621, Truck-5, 4, 2687, 0
Nome_Port, Teller_Dest, 5, PORTABLE_FLOOR_CRANE, Truck-5, 0.941221, 330, 0
Nome_Port, Teller_Dest, 5, CART-PAO_SEVICING-DIESEL, Truck-5, 0.438478, 12310, 0
Nome_Port, Teller_Dest, 5, B0027, Truck-5, 0.917921, 311, 0
Nome_Port, Teller_Dest, 5, C44332E, Truck-5, 1, 4830, 10000
Nome_Port, Teller_Dest, 5, COMPRESSOR_UNIT-ROTARY, Truck-5, 1, 2500, 0
Nome_Port, Teller_Dest, 5, C8638, Truck-5, 0.527216, 720, 0
Nome_Port, Teller_Dest, 5, D0033, Truck-5, 0.670664, 10740, 10000
Nome_Port, Teller_Dest, 5, A04037G, Truck-5, 0.0863558, 10300, 0
Nome_Port, Teller_Dest, 5, B0640, Truck-5, 1, 1920, 0
Nome_Port, Teller_Dest, 5, LH859, Truck-5, 1, 5500, 0
Nome_Port, Teller_Dest, 5, C4433, Truck-5, 1.97164, 3260, 10000
Nome_Port, Teller_Dest, 5, MEPP-6_270_POWER_CART_Sea_Lift, Truck-5, 1, 5500, 0
Nome_Port, Teller_Dest, 5, M5030, Truck-5, 0.216082, 510, 0
Juneau_Airport, Elmendorf_AFB, 6, B0063, C-17, 0.209469, 46420, 0
Elmendorf_AFB, Nome_Airport, 6, B0027, C-17, 0.363244, 311, 0
Elmendorf_AFB, Nome_Airport, 6, D0030, C-17, 0.915295, 10500, 10000
Anchorage_Port, Nome_Port, 6, B2565, OSV, 0.0129826, 11700, 0
Anchorage_Port, Nome_Port, 6, AIR_CONDITIONER-DIESEL-LAND_BASED, OSV, 0.195276, 14160, 0
Anchorage_Port, Nome_Port, 6, D0033, OSV, 0.0950097, 10740, 10000
Anchorage_Port, Nome_Port, 6, D0215, OSV, 0.0229999, 15300, 10000
Anchorage_Port, Nome_Port, 6, D12147K, OSV, 0.0803883, 67600, 10000
Seward_MPF_Port, Nome_Port, 6, B2565, OSV, 0.0536705, 11700, 0
Seward_MPF_Port, Nome_Port, 6, D0033, OSV, 1.06214, 10740, 10000
Seward_MPF_Port, Nome_Port, 6, D12147K, OSV, 0.446882, 67600, 10000
Juneau_Airport, Fairbanks_Airport, 6, V0012, Truck-5, 48.6178, 200, 0
Mosquito_Lake_Sup, Juneau_Airport, 6, D0003, LowBoyTractor, 0.218605, 44480, 10000
Mosquito_Lake_Sup, Port_Chilkoot, 6, D0052, LowBoyTractor, 0.494403, 57300, 10000
Mosquito_Lake_Sup, Elmendorf_AFB, 6, B2561, Truck-5, 0.0294812, 31900, 0
Mosquito_Lake_Sup, Elmendorf_AFB, 6, D1001, Truck-5, 0.442976, 7960, 10000
Mosquito_Lake_Sup, Seward_MPF_Port, 6, D0235, Truck-5, 0.271215, 19600, 10000
Mosquito_Lake_Sup, Seward_MPF_Port, 6, D0215, Truck-5, 0.00812636, 15300, 10000
Mosquito_Lake_Sup, Seward_MPF_Port, 6, B2566, Truck-5, 0.990037, 13440, 0
Mosquito_Lake_Sup, Seward_MPF_Port, 6, B2561, Truck-5, 0.474834, 31900, 0
Mosquito_Lake_Sup, Fairbanks_Airport, 6, V0024, Truck-5, 48.6178, 200, 0
Tanani_Sup, Juneau_Airport, 6, B0063, LowBoyTractor, 0.137041, 46420, 0
Tanani_Sup, Juneau_Airport, 6, V0026, Truck-5, 7.59204, 200, 0
Tanani_Sup, Juneau_Airport, 6, NIIN_1491094, Truck-5, 3.22581, 22, 0
Tanani_Sup, Juneau_Airport, 6, NIIN_14671753, Truck-5, 118.182, 15, 0
Tanani_Sup, Mosquito_Lake_Sup, 6, V0024, Truck-5, 48.6178, 200, 0
Tanani_Sup, Mud_Bay_Sup, 6, V0026, Truck-5, 32.6874, 200, 0
Tanani_Sup, Mud_Bay_Sup, 6, NIIN_1491094, Truck-5, 9.67742, 22, 0
Tanani_Sup, Mud_Bay_Sup, 6, D0215, Truck-5, 0.383069, 15300, 10000
Tanani_Sup, Mud_Bay_Sup, 6, V0024, Truck-5, 53.4084, 200, 0
Tanani_Sup, Mud_Bay_Sup, 6, D0030, Truck-5, 1.54159, 10500, 10000
Tanani_Sup, Mud_Bay_Sup, 6, NIIN_14671753, Truck-5, 248.882, 15, 0
Tanani_Sup, Port_Chilkoot, 6, V0028, Truck-5, 48.6178, 200, 0
Tanani_Sup, Elmendorf_AFB, 6, V0026, Truck-5, 40.5252, 200, 0
Tanani_Sup, Elmendorf_AFB, 6, A0067, Truck-5, 0.165493, 9780, 0
Tanani_Sup, Anchorage_Port, 6, D0215, Truck-5, 0.383069, 15300, 10000
Tanani_Sup, Anchorage_Port, 6, V0024, Truck-5, 19.313, 200, 0
Tanani_Sup, Seward_MPF_Port, 6, V0028, Truck-5, 48.6178, 200, 0
Tanani_Sup, Fairbanks_Airport, 6, V0024, Truck-5, 48.6178, 200, 0
Mud_Bay_Sup, Juneau_Airport, 6, B0063, LowBoyTractor, 0.0368849, 46420, 0
Mud_Bay_Sup, Juneau_Airport, 6, D0015, LowBoyTractor, 0.148359, 54000, 10000
Mud_Bay_Sup, Mosquito_Lake_Sup, 6, K4959, Truck-5, 19.2546, 505, 0
Mud_Bay_Sup, Port_Chilkoot, 6, C3409, Truck-5, 8.90895, 650, 0
Mud_Bay_Sup, Port_Chilkoot, 6, K4959, Truck-5, 7.78761, 505, 0
Mud_Bay_Sup, Elmendorf_AFB, 6, D0235, Truck-5, 0.0382904, 19600, 10000
Mud_Bay_Sup, Elmendorf_AFB, 6, C3409, Truck-5, 39.1278, 650, 0
Mud_Bay_Sup, Elmendorf_AFB, 6, V4550, Truck-5, 8.0926, 200, 0
Mud_Bay_Sup, Elmendorf_AFB, 6, D0030, Truck-5, 0.436091, 10500, 10000
Mud_Bay_Sup, Elmendorf_AFB, 6, D0016, Truck-5, 0.668282, 1640, 10000
Mud_Bay_Sup, Elmendorf_AFB, 6, C0138, Truck-5, 6.11946, 730, 0
Mud_Bay_Sup, Anchorage_Port, 6, B2565, Truck-5, 0.0757389, 11700, 0
Mud_Bay_Sup, Anchorage_Port, 6, V4355, Truck-5, 29.3048, 200, 0
Mud_Bay_Sup, Anchorage_Port, 6, D0035, Truck-5, 0.240037, 12400, 10000
Mud_Bay_Sup, Seward_MPF_Port, 6, D0235, Truck-5, 0.4961, 19600, 10000
Mud_Bay_Sup, Fairbanks_Airport, 6, V4355, Truck-5, 48.6178, 200, 0
Port_Chilkoot, Juneau_Airport, 6, D0005, LowBoyTractor, 0.801701, 44480, 10000
Port_Chilkoot, Juneau_Airport, 6, D0052, LowBoyTractor, 0.365534, 57300, 10000
Port_Chilkoot, Juneau_Airport, 6, D0054, LowBoyTractor, 0.0092736, 71220, 10000
Port_Chilkoot, Juneau_Airport, 6, D0015, LowBoyTractor, 0.0158878, 54000, 10000
Port_Chilkoot, Juneau_Airport, 6, V4355, Truck-5, 41.0258, 200, 0
Port_Chilkoot, Fairbanks_Airport, 6, V0024, Truck-5, 48.6178, 200, 0
Elmendorf_AFB, Fairbanks_Airport, 6, V0028, Truck-5, 48.6178, 200, 0
Anchorage_Port, Fairbanks_Airport, 6, V0026, Truck-5, 46.8583, 200, 0
Anchorage_Port, Fairbanks_Airport, 6, V0023, Truck-5, 1.75949, 200, 0
Seward_MPF_Port, Fairbanks_Airport, 6, V0028, Truck-5, 41.344, 200, 0
Seward_MPF_Port, Fairbanks_Airport, 6, V4355, Truck-5, 5.27822, 200, 0
Seward_MPF_Port, Fairbanks_Airport, 6, V0023, Truck-5, 1.9956, 200, 0
Nome_Airport, Nome_Port, 6, D0035, LowBoyTractor, 0.445364, 12400, 10000
Nome_Airport, Nome_Port, 6, B0049, Truck-5, 0.420637, 7410, 0
Nome_Airport, Nome_Port, 6, B0027, Truck-5, 0.343552, 311, 0
Nome_Airport, Nome_Port, 6, D0035, Truck-5, 0.131351, 12400, 10000
Nome_Airport, Nome_Port, 6, D0030, Truck-5, 0.866166, 10500, 10000
Nome_Airport, Teller_Dest, 6, B0027, Truck-5, 0.363244, 311, 0
Nome_Airport, Teller_Dest, 6, D0030, Truck-5, 0.915295, 10500, 10000
Nome_Port, Teller_Dest, 6, A04037G, LowBoyTractor, 0.83022, 10300, 0
Nome_Port, Teller_Dest, 6, B0027, Truck-5, 0.0283795, 311, 0
Nome_Port, Teller_Dest, 6, D0033, Truck-5, 0.0703168, 10740, 10000
Nome_Port, Teller_Dest, 6, A0067, Truck-5, 0.0417456, 9780, 0
Juneau_Airport, Elmendorf_AFB, 7, B0063, C-17, 0.209469, 46420, 0
Elmendorf_AFB, Nome_Airport, 7, B0049, C-17, 0.667953, 7410, 0
Elmendorf_AFB, Nome_Airport, 7, D0033, C-17, 0.444509, 10740, 10000
Anchorage_Port, Nome_Port, 7, B2565, OSV, 0.205003, 11700, 0
Anchorage_Port, Nome_Port, 7, D0215, OSV, 0.16204, 15300, 10000
Anchorage_Port, Nome_Port, 7, D0035, OSV, 0.390792, 12400, 10000
Seward_MPF_Port, Nome_Port, 7, AIR_CONDITIONER-DIESEL-LAND_BASED, OSV, 0.669053, 14160, 0
Seward_MPF_Port, Nome_Port, 7, D0033, OSV, 0.0991503, 10740, 10000
Seward_MPF_Port, Nome_Port, 7, D0215, OSV, 0.42757, 15300, 10000
Seward_MPF_Port, Nome_Port, 7, D0035, OSV, 0.373911, 12400, 10000
Juneau_Airport, Fairbanks_Airport, 7, V0026, Truck-5, 7.59204, 200, 0
Juneau_Airport, Fairbanks_Airport, 7, V4355, Truck-5, 41.0258, 200, 0
Mosquito_Lake_Sup, Juneau_Airport, 7, D0003, LowBoyTractor, 0.218605, 44480, 10000
Mosquito_Lake_Sup, Port_Chilkoot, 7, D0052, LowBoyTractor, 0.199908, 57300, 10000
Mosquito_Lake_Sup, Port_Chilkoot, 7, K4959, Truck-5, 19.2546, 505, 0
Mosquito_Lake_Sup, Fairbanks_Airport, 7, V0024, Truck-5, 48.6178, 200, 0
Tanani_Sup, Juneau_Airport, 7, B0063, LowBoyTractor, 0.209469, 46420, 0
Tanani_Sup, Mosquito_Lake_Sup, 7, V0024, Truck-5, 48.6178, 200, 0
Tanani_Sup, Mud_Bay_Sup, 7, D0235, Truck-5, 0.286104, 19600, 10000
Tanani_Sup, Mud_Bay_Sup, 7, V0028, Truck-5, 41.8273, 200, 0
Tanani_Sup, Mud_Bay_Sup, 7, C8644, Truck-5, 1, 200, 0
Tanani_Sup, Mud_Bay_Sup, 7, C8685, Truck-5, 1, 200, 0
Tanani_Sup, Mud_Bay_Sup, 7, D0009, Truck-5, 0.52833, 28000, 10000
Tanani_Sup, Port_Chilkoot, 7, B0063, LowBoyTractor, 0.108046, 46420, 0
Tanani_Sup, Port_Chilkoot, 7, D0054, LowBoyTractor, 0.0661062, 71220, 10000
Tanani_Sup, Elmendorf_AFB, 7, B0063, LowBoyTractor, 0.175326, 46420, 0
Tanani_Sup, Elmendorf_AFB, 7, NIIN_14671753, Truck-5, 105.663, 15, 0
Tanani_Sup, Anchorage_Port, 7, V0026, Truck-5, 20.0863, 200, 0
Tanani_Sup, Anchorage_Port, 7, NIIN_1491094, Truck-5, 3.22581, 22, 0
Tanani_Sup, Anchorage_Port, 7, D0215, Truck-5, 0.252458, 15300, 10000
Tanani_Sup, Anchorage_Port, 7, NIIN_14671753, Truck-5, 118.182, 15, 0
Tanani_Sup, Seward_MPF_Port, 7, C8740, Truck-5, 1, 200, 0
Tanani_Sup, Seward_MPF_Port, 7, V4011, Truck-5, 1.30373, 200, 0
Tanani_Sup, Seward_MPF_Port, 7, V4012, Truck-5, 44, 200, 0
Tanani_Sup, Seward_MPF_Port, 7, V0024, Truck-5, 2.31408, 200, 0
Tanani_Sup, Fairbanks_Airport, 7, V0028, Truck-5, 48.6178, 200, 0
Mud_Bay_Sup, Juneau_Airport, 7, D0015, LowBoyTractor, 0.145923, 54000, 10000
Mud_Bay_Sup, Juneau_Airport, 7, NIIN_1491094, Truck-5, 3.22581, 22, 0
Mud_Bay_Sup, Juneau_Airport, 7, NIIN_14671753, Truck-5, 118.182, 15, 0
Mud_Bay_Sup, Mosquito_Lake_Sup, 7, C3409, Truck-5, 14.9593, 650, 0
Mud_Bay_Sup, Port_Chilkoot, 7, D0054, LowBoyTractor, 0.0481259, 71220, 10000
Mud_Bay_Sup, Port_Chilkoot, 7, D0015, LowBoyTractor, 0.0824508, 54000, 10000
Mud_Bay_Sup, Port_Chilkoot, 7, NIIN_1491094, Truck-5, 3.22581, 22, 0
Mud_Bay_Sup, Port_Chilkoot, 7, NIIN_14671753, Truck-5, 118.182, 15, 0
Mud_Bay_Sup, Elmendorf_AFB, 7, B2565, Truck-5, 0.139333, 11700, 0
Mud_Bay_Sup, Elmendorf_AFB, 7, V0026, Truck-5, 13.3743, 200, 0
Mud_Bay_Sup, Elmendorf_AFB, 7, K4959, Truck-5, 13.9578, 505, 0
Mud_Bay_Sup, Elmendorf_AFB, 7, NIIN_1491094, Truck-5, 3.22581, 22, 0
Mud_Bay_Sup, Elmendorf_AFB, 7, D0030, Truck-5, 0.770796, 10500, 10000
Mud_Bay_Sup, Elmendorf_AFB, 7, NIIN_14671753, Truck-5, 12.5187, 15, 0
Mud_Bay_Sup, Elmendorf_AFB, 7, C0138, Truck-5, 3.97515, 730, 0
Mud_Bay_Sup, Anchorage_Port, 7, V0026, Truck-5, 19.313, 200, 0
Mud_Bay_Sup, Anchorage_Port, 7, D0215, Truck-5, 0.383069, 15300, 10000
Mud_Bay_Sup, Seward_MPF_Port, 7, D0235, Truck-5, 0.1572, 19600, 10000
Mud_Bay_Sup, Seward_MPF_Port, 7, C3409, Truck-5, 10.2191, 650, 0
Mud_Bay_Sup, Fairbanks_Airport, 7, V0024, Truck-5, 48.6178, 200, 0
Port_Chilkoot, Juneau_Airport, 7, D0052, LowBoyTractor, 0.494403, 57300, 10000
Port_Chilkoot, Juneau_Airport, 7, C3409, Truck-5, 8.90895, 650, 0
Port_Chilkoot, Juneau_Airport, 7, K4959, Truck-5, 7.78761, 505, 0
Port_Chilkoot, Fairbanks_Airport, 7, V0028, Truck-5, 48.6178, 200, 0
Elmendorf_AFB, Fairbanks_Airport, 7, V0026, Truck-5, 48.6178, 200, 0
Anchorage_Port, Fairbanks_Airport, 7, V4550, Truck-5, 1.57784, 200, 0
Anchorage_Port, Fairbanks_Airport, 7, V4610, Truck-5, 10.8182, 200, 0
Anchorage_Port, Fairbanks_Airport, 7, V0024, Truck-5, 36.2218, 200, 0
Seward_MPF_Port, Fairbanks_Airport, 7, V0026, Truck-5, 42.8512, 200, 0
Seward_MPF_Port, Fairbanks_Airport, 7, V4355, Truck-5, 5.76659, 200, 0
Nome_Airport, Teller_Dest, 7, B0027, Truck-5, 0.363244, 311, 0
Nome_Airport, Teller_Dest, 7, D0030, Truck-5, 0.915295, 10500, 10000
Nome_Port, Teller_Dest, 7, AIR_CONDITIONER-DIESEL-LAND_BASED, LowBoyTractor, 0.124944, 14160, 0
Nome_Port, Teller_Dest, 7, A04037G, LowBoyTractor, 0.0834246, 10300, 0
Nome_Port, Teller_Dest, 7, B2566, LowBoyTractor, 0.00996267, 13440, 0
Nome_Port, Teller_Dest, 7, D0035, LowBoyTractor, 0.576715, 12400, 10000
Nome_Port, Teller_Dest, 7, B0049, Truck-5, 0.420637, 7410, 0
Nome_Port, Teller_Dest, 7, CART-PAO_SEVICING-DIESEL, Truck-5, 0.561522, 12310, 0
Nome_Port, Teller_Dest, 7, B0027, Truck-5, 0.500589, 311, 0
Nome_Port, Teller_Dest, 7, D0030, Truck-5, 0.866166, 10500, 10000
Juneau_Airport, Elmendorf_AFB, 8, B0063, C-17, 0.209469, 46420, 0
Elmendorf_AFB, Juneau_Airport, 8, C3409, C-17, 14.9593, 650, 0
Elmendorf_AFB, Juneau_Airport, 8, C3409, Truck-5, 14.9593, 650, 0
Elmendorf_AFB, Juneau_Airport, 8, D0016, Truck-5, 0.603056, 1640, 10000
Elmendorf_AFB, Juneau_Airport, 8, C0138, Truck-5, 4.14851, 730, 0
Elmendorf_AFB, Nome_Airport, 8, A0067, C-17, 0.165493, 9780, 0
Elmendorf_AFB, Nome_Airport, 8, D0030, C-17, 0.436091, 10500, 10000
Elmendorf_AFB, Nome_Airport, 8, D1001, C-17, 0.442976, 7960, 10000
Anchorage_Port, Nome_Port, 8, B2565, OSV, 0.0757389, 11700, 0
Anchorage_Port, Nome_Port, 8, D0215, OSV, 0.383069, 15300, 10000
Anchorage_Port, Nome_Port, 8, D0035, OSV, 0.240037, 12400, 10000
Seward_MPF_Port, Nome_Port, 8, D0235, OSV, 0.767315, 19600, 10000
Seward_MPF_Port, Nome_Port, 8, D0215, OSV, 0.00812636, 15300, 10000
Seward_MPF_Port, Nome_Port, 8, B2566, OSV, 0.990037, 13440, 0
Seward_MPF_Port, Nome_Port, 8, B2561, OSV, 0.474834, 31900, 0
Juneau_Airport, Fairbanks_Airport, 8, C3409, Truck-5, 8.90895, 650, 0
Juneau_Airport, Fairbanks_Airport, 8, K4959, Truck-5, 7.78761, 505, 0
Mosquito_Lake_Sup, Juneau_Airport, 8, D0003, LowBoyTractor, 0.218605, 44480, 10000
Mosquito_Lake_Sup, Port_Chilkoot, 8, D0052, LowBoyTractor, 0.213353, 57300, 10000
Mosquito_Lake_Sup, Port_Chilkoot, 8, C3409, Truck-5, 14.9593, 650, 0
Mosquito_Lake_Sup, Anchorage_Port, 8, B2561, Truck-5, 0.157815, 31900, 0
Mosquito_Lake_Sup, Seward_MPF_Port, 8, B2561, Truck-5, 0.199756, 31900, 0
Mosquito_Lake_Sup, Fairbanks_Airport, 8, V0024, Truck-5, 48.6178, 200, 0
Tanani_Sup, Juneau_Airport, 8, B0063, LowBoyTractor, 0.209469, 46420, 0
Tanani_Sup, Mosquito_Lake_Sup, 8, D0235, Truck-5, 0.114955, 19600, 10000
Tanani_Sup, Mosquito_Lake_Sup, 8, D0009, Truck-5, 0.266802, 28000, 10000
Tanani_Sup, Mud_Bay_Sup, 8, D0235, Truck-5, 0.219867, 19600, 10000
Tanani_Sup, Mud_Bay_Sup, 8, D0034, Truck-5, 0.456994, 11500, 10000
Tanani_Sup, Mud_Bay_Sup, 8, D0215, Truck-5, 0.0193589, 15300, 10000
Tanani_Sup, Mud_Bay_Sup, 8, D0009, Truck-5, 0.0192884, 28000, 10000
Tanani_Sup, Mud_Bay_Sup, 8, NIIN_14671753, Truck-5, 118.182, 15, 0
Tanani_Sup, Port_Chilkoot, 8, B0063, LowBoyTractor, 0.108046, 46420, 0
Tanani_Sup, Port_Chilkoot, 8, D0054, LowBoyTractor, 0.0661062, 71220, 10000
Tanani_Sup, Elmendorf_AFB, 8, B0063, LowBoyTractor, 0.209469, 46420, 0
Tanani_Sup, Anchorage_Port, 8, D0235, Truck-5, 0.0828743, 19600, 10000
Tanani_Sup, Anchorage_Port, 8, D0215, Truck-5, 0.0487875, 15300, 10000
Tanani_Sup, Anchorage_Port, 8, D0009, Truck-5, 0.262599, 28000, 10000
Tanani_Sup, Seward_MPF_Port, 8, D0235, Truck-5, 0.114955, 19600, 10000
Tanani_Sup, Seward_MPF_Port, 8, D0009, Truck-5, 0.266802, 28000, 10000
Tanani_Sup, Fairbanks_Airport, 8, V0026, Truck-5, 48.6178, 200, 0
Mud_Bay_Sup, Juneau_Airport, 8, D0015, LowBoyTractor, 0.180066, 54000, 10000
Mud_Bay_Sup, Mosquito_Lake_Sup, 8, C3409, Truck-5, 14.9593, 650, 0
Mud_Bay_Sup, Tanani_Sup, 8, C3409, Truck-5, 30.6068, 650, 0
Mud_Bay_Sup, Tanani_Sup, 8, C0138, Truck-5, 3.16077, 730, 0
Mud_Bay_Sup, Port_Chilkoot, 8, D0054, LowBoyTractor, 0.0593862, 71220, 10000
Mud_Bay_Sup, Port_Chilkoot, 8, D0015, LowBoyTractor, 0.101742, 54000, 10000
Mud_Bay_Sup, Elmendorf_AFB, 8, B2565, Truck-5, 0.139333, 11700, 0
Mud_Bay_Sup, Elmendorf_AFB, 8, D0235, Truck-5, 0.166099, 19600, 10000
Mud_Bay_Sup, Elmendorf_AFB, 8, C3409, Truck-5, 36.5449, 650, 0
Mud_Bay_Sup, Elmendorf_AFB, 8, D0030, Truck-5, 0.770796, 10500, 10000
Mud_Bay_Sup, Elmendorf_AFB, 8, D0016, Truck-5, 0.537831, 1640, 10000
Mud_Bay_Sup, Elmendorf_AFB, 8, D0009, Truck-5, 0.52833, 28000, 10000
Mud_Bay_Sup, Elmendorf_AFB, 8, C0138, Truck-5, 6.98235, 730, 0
Mud_Bay_Sup, Anchorage_Port, 8, C3409, Truck-5, 14.9593, 650, 0
Mud_Bay_Sup, Seward_MPF_Port, 8, D0235, Truck-5, 0.1572, 19600, 10000
Mud_Bay_Sup, Seward_MPF_Port, 8, C3409, Truck-5, 10.2191, 650, 0
Mud_Bay_Sup, Fairbanks_Airport, 8, V0028, Truck-5, 41.8273, 200, 0
Mud_Bay_Sup, Fairbanks_Airport, 8, C8644, Truck-5, 1, 200, 0
Mud_Bay_Sup, Fairbanks_Airport, 8, C8685, Truck-5, 1, 200, 0
Mud_Bay_Sup, Fairbanks_Airport, 8, V0024, Truck-5, 4.79054, 200, 0
Port_Chilkoot, Juneau_Airport, 8, D0052, LowBoyTractor, 0.199908, 57300, 10000
Port_Chilkoot, Juneau_Airport, 8, B0063, LowBoyTractor, 0.108046, 46420, 0
Port_Chilkoot, Juneau_Airport, 8, D0054, LowBoyTractor, 0.114232, 71220, 10000
Port_Chilkoot, Juneau_Airport, 8, D0015, LowBoyTractor, 0.0824508, 54000, 10000
Port_Chilkoot, Juneau_Airport, 8, NIIN_1491094, Truck-5, 3.22581, 22, 0
Port_Chilkoot, Juneau_Airport, 8, NIIN_14671753, Truck-5, 118.182, 15, 0
Port_Chilkoot, Fairbanks_Airport, 8, K4959, Truck-5, 19.2546, 505, 0
Elmendorf_AFB, Port_Chilkoot, 8, C3409, Truck-5, 6.37274, 650, 0
Elmendorf_AFB, Port_Chilkoot, 8, C0138, Truck-5, 1.97095, 730, 0
Elmendorf_AFB, Anchorage_Port, 8, C3409, Truck-5, 2.83645, 650, 0
Elmendorf_AFB, Seward_MPF_Port, 8, D0235, Truck-5, 0.0382904, 19600, 10000
Elmendorf_AFB, Seward_MPF_Port, 8, B2561, Truck-5, 0.0294812, 31900, 0
Elmendorf_AFB, Fairbanks_Airport, 8, V0026, Truck-5, 40.5252, 200, 0
Elmendorf_AFB, Fairbanks_Airport, 8, V4550, Truck-5, 8.0926, 200, 0
Anchorage_Port, Fairbanks_Airport, 8, V4355, Truck-5, 29.3048, 200, 0
Anchorage_Port, Fairbanks_Airport, 8, V0024, Truck-5, 19.313, 200, 0
Seward_MPF_Port, Fairbanks_Airport, 8, V0028, Truck-5, 48.6178, 200, 0
Nome_Airport, Teller_Dest, 8, B0049, Truck-5, 0.667953, 7410, 0
Nome_Airport, Teller_Dest, 8, D0033, Truck-5, 0.444509, 10740, 10000
Nome_Port, Teller_Dest, 8, D0034, LowBoyTractor, 1, 11500, 10000
Nome_Port, Teller_Dest, 8, D0030, LowBoyTractor, 0.00506335, 10500, 10000
Nome_Port, Teller_Dest, 8, D12147K, LowBoyTractor, 0.140248, 67600, 10000
Nome_Port, Teller_Dest, 8, B0049, Truck-5, 0.91141, 7410, 0
Nome_Port, Teller_Dest, 8, B0027, Truck-5, 0.137745, 311, 0
Nome_Port, Teller_Dest, 8, A0067, Truck-5, 2.79276, 9780, 0
Nome_Port, Teller_Dest, 8, D1001, Truck-5, 0.367735, 7960, 10000
Juneau_Airport, Elmendorf_AFB, 9, B0063, C-17, 0.209469, 46420, 0
Elmendorf_AFB, Juneau_Airport, 9, NIIN_1491094, C-17, 3.22581, 22, 0
Elmendorf_AFB, Juneau_Airport, 9, NIIN_14671753, C-17, 118.182, 15, 0
Elmendorf_AFB, Juneau_Airport, 9, C0138, Truck-5, 3.97515, 730, 0
Elmendorf_AFB, Nome_Airport, 9, B2565, C-17, 0.139333, 11700, 0
Elmendorf_AFB, Nome_Airport, 9, D0030, C-17, 0.770796, 10500, 10000
Port_Chilkoot, Nome_Port, 9, B0063, OSV, 0.0482829, 46420, 0
Anchorage_Port, Nome_Port, 9, D0215, OSV, 0.635527, 15300, 10000
Seward_MPF_Port, Nome_Port, 9, D0235, OSV, 0.19549, 19600, 10000
Seward_MPF_Port, Nome_Port, 9, B2561, OSV, 0.0294812, 31900, 0
Juneau_Airport, Fairbanks_Airport, 9, C3409, Truck-5, 14.9593, 650, 0
Mosquito_Lake_Sup, Juneau_Airport, 9, D0003, LowBoyTractor, 0.218605, 44480, 10000
Mosquito_Lake_Sup, Seward_MPF_Port, 9, D0235, Truck-5, 0.114955, 19600, 10000
Mosquito_Lake_Sup, Seward_MPF_Port, 9, D0009, Truck-5, 0.266802, 28000, 10000
Mosquito_Lake_Sup, Fairbanks_Airport, 9, C3409, Truck-5, 14.9593, 650, 0
Tanani_Sup, Juneau_Airport, 9, B0063, LowBoyTractor, 0.209469, 46420, 0
Tanani_Sup, Mosquito_Lake_Sup, 9, D0235, Truck-5, 0.0331451, 19600, 10000
Tanani_Sup, Mosquito_Lake_Sup, 9, D0009, Truck-5, 0.0769273, 28000, 10000
Tanani_Sup, Mud_Bay_Sup, 9, NIIN_1491094, Truck-5, 3.22581, 22, 0
Tanani_Sup, Port_Chilkoot, 9, B0063, LowBoyTractor, 0.108046, 46420, 0
Tanani_Sup, Port_Chilkoot, 9, D0054, LowBoyTractor, 0.0661062, 71220, 10000
Tanani_Sup, Elmendorf_AFB, 9, D0034, Truck-5, 0.302197, 11500, 10000
Tanani_Sup, Elmendorf_AFB, 9, D0215, Truck-5, 0.292521, 15300, 10000
Tanani_Sup, Elmendorf_AFB, 9, NIIN_14671753, Truck-5, 118.182, 15, 0
Tanani_Sup, Anchorage_Port, 9, B0063, LowBoyTractor, 0.11542, 46420, 0
Tanani_Sup, Anchorage_Port, 9, D0054, LowBoyTractor, 0.021934, 71220, 10000
Tanani_Sup, Anchorage_Port, 9, D0235, Truck-5, 0.0331451, 19600, 10000
Tanani_Sup, Anchorage_Port, 9, D0009, Truck-5, 0.0769273, 28000, 10000
Tanani_Sup, Seward_MPF_Port, 9, D0235, Truck-5, 0.114955, 19600, 10000
Tanani_Sup, Seward_MPF_Port, 9, D0009, Truck-5, 0.266802, 28000, 10000
Tanani_Sup, Fairbanks_Airport, 9, C3409, Truck-5, 14.9593, 650, 0
Mud_Bay_Sup, Juneau_Airport, 9, D0015, LowBoyTractor, 0.180066, 54000, 10000
Mud_Bay_Sup, Mosquito_Lake_Sup, 9, C3409, Truck-5, 14.9593, 650, 0
Mud_Bay_Sup, Port_Chilkoot, 9, D0054, LowBoyTractor, 0.0149446, 71220, 10000
Mud_Bay_Sup, Port_Chilkoot, 9, D0015, LowBoyTractor, 0.0256036, 54000, 10000
Mud_Bay_Sup, Port_Chilkoot, 9, C3409, Truck-5, 8.58658, 650, 0
Mud_Bay_Sup, Port_Chilkoot, 9, C0138, Truck-5, 2.32237, 730, 0
Mud_Bay_Sup, Elmendorf_AFB, 9, D0034, Truck-5, 0.456994, 11500, 10000
Mud_Bay_Sup, Elmendorf_AFB, 9, D0215, Truck-5, 0.0193589, 15300, 10000
Mud_Bay_Sup, Elmendorf_AFB, 9, D0035, Truck-5, 0.399338, 12400, 10000
Mud_Bay_Sup, Elmendorf_AFB, 9, C0138, Truck-5, 7.39833, 730, 0
Mud_Bay_Sup, Anchorage_Port, 9, D0235, Truck-5, 0.0657212, 19600, 10000
Mud_Bay_Sup, Anchorage_Port, 9, C3409, Truck-5, 12.9776, 650, 0
Mud_Bay_Sup, Seward_MPF_Port, 9, D0235, Truck-5, 0.154146, 19600, 10000
Mud_Bay_Sup, Seward_MPF_Port, 9, C3409, Truck-5, 9.48035, 650, 0
Mud_Bay_Sup, Seward_MPF_Port, 9, D0009, Truck-5, 0.0192884, 28000, 10000
Mud_Bay_Sup, Fairbanks_Airport, 9, C3409, Truck-5, 14.9593, 650, 0
Port_Chilkoot, Juneau_Airport, 9, D0052, LowBoyTractor, 0.213353, 57300, 10000
Port_Chilkoot, Juneau_Airport, 9, B0063, LowBoyTractor, 0.0597627, 46420, 0
Port_Chilkoot, Juneau_Airport, 9, D0054, LowBoyTractor, 0.125492, 71220, 10000
Port_Chilkoot, Juneau_Airport, 9, D0015, LowBoyTractor, 0.101742, 54000, 10000
Port_Chilkoot, Fairbanks_Airport, 9, C3409, Truck-5, 14.9593, 650, 0
Elmendorf_AFB, Fairbanks_Airport, 9, V0026, Truck-5, 13.3743, 200, 0
Elmendorf_AFB, Fairbanks_Airport, 9, K4959, Truck-5, 13.9578, 505, 0
Anchorage_Port, Juneau_Airport, 9, NIIN_1491094, Truck-5, 3.22581, 22, 0
Anchorage_Port, Juneau_Airport, 9, NIIN_14671753, Truck-5, 118.182, 15, 0
Anchorage_Port, Fairbanks_Airport, 9, V0026, Truck-5, 39.3993, 200, 0
Anchorage_Port, Fairbanks_Airport, 9, C3409, Truck-5, 2.83645, 650, 0
Seward_MPF_Port, Fairbanks_Airport, 9, C8740, Truck-5, 1, 200, 0
Seward_MPF_Port, Fairbanks_Airport, 9, V4011, Truck-5, 1.30373, 200, 0
Seward_MPF_Port, Fairbanks_Airport, 9, V4012, Truck-5, 44, 200, 0
Seward_MPF_Port, Fairbanks_Airport, 9, V0024, Truck-5, 2.31408, 200, 0
Nome_Airport, Teller_Dest, 9, A0067, Truck-5, 0.165493, 9780, 0
Nome_Airport, Teller_Dest, 9, D0030, Truck-5, 0.436091, 10500, 10000
Nome_Airport, Teller_Dest, 9, D1001, Truck-5, 0.442976, 7960, 10000
Nome_Port, Teller_Dest, 9, AIR_CONDITIONER-DIESEL-LAND_BASED, LowBoyTractor, 0.0107268, 14160, 0
Nome_Port, Teller_Dest, 9, D0035, LowBoyTractor, 0.0192066, 12400, 10000
Nome_Port, Teller_Dest, 9, D0030, LowBoyTractor, 1.3205, 10500, 10000
Nome_Port, Teller_Dest, 9, D12147K, LowBoyTractor, 0.263779, 67600, 10000
Nome_Port, Teller_Dest, 9, B2565, Truck-5, 0.373939, 11700, 0
Nome_Port, Teller_Dest, 9, D0862, Truck-5, 2, 10500, 10000
Nome_Port, Teller_Dest, 9, D0033, Truck-5, 1.55821, 10740, 10000
Nome_Port, Teller_Dest, 9, D1001, Truck-5, 0.189289, 7960, 10000
Juneau_Airport, Elmendorf_AFB, 10, B0063, C-17, 0.209469, 46420, 0
Elmendorf_AFB, Juneau_Airport, 10, C3409, C-17, 4.64455, 650, 0
Elmendorf_AFB, Juneau_Airport, 10, C0138, C-17, 1.06073, 730, 0
Elmendorf_AFB, Nome_Airport, 10, B2565, C-17, 0.139333, 11700, 0
Elmendorf_AFB, Nome_Airport, 10, D0030, C-17, 0.770796, 10500, 10000
Anchorage_Port, Nome_Port, 10, D0235, OSV, 0.0175023, 19600, 10000
Anchorage_Port, Nome_Port, 10, D0215, OSV, 0.0487875, 15300, 10000
Anchorage_Port, Nome_Port, 10, B2561, OSV, 0.157815, 31900, 0
Anchorage_Port, Nome_Port, 10, D0009, OSV, 0.128563, 28000, 10000
Seward_MPF_Port, Nome_Port, 10, D0235, OSV, 0.272155, 19600, 10000
Seward_MPF_Port, Nome_Port, 10, B2561, OSV, 0.199756, 31900, 0
Seward_MPF_Port, Nome_Port, 10, D0009, OSV, 0.266802, 28000, 10000
Juneau_Airport, Fairbanks_Airport, 10, C3409, Truck-5, 14.9593, 650, 0
Mosquito_Lake_Sup, Juneau_Airport, 10, D0052, LowBoyTractor, 0.169696, 57300, 10000
Mosquito_Lake_Sup, Anchorage_Port, 10, D0235, Truck-5, 0.0331451, 19600, 10000
Mosquito_Lake_Sup, Anchorage_Port, 10, D0009, Truck-5, 0.0769273, 28000, 10000
Mosquito_Lake_Sup, Seward_MPF_Port, 10, B2561, Truck-5, 0.138113, 31900, 0
Mosquito_Lake_Sup, Fairbanks_Airport, 10, C3409, Truck-5, 14.9593, 650, 0
Tanani_Sup, Juneau_Airport, 10, B0063, LowBoyTractor, 0.149751, 46420, 0
Tanani_Sup, Juneau_Airport, 10, D0054, LowBoyTractor, 0.0389231, 71220, 10000
Tanani_Sup, Mud_Bay_Sup, 10, D0034, Truck-5, 0.179312, 11500, 10000
Tanani_Sup, Port_Chilkoot, 10, B0063, LowBoyTractor, 0.106555, 46420, 0
Tanani_Sup, Port_Chilkoot, 10, D0054, LowBoyTractor, 0.0651943, 71220, 10000
Tanani_Sup, Port_Chilkoot, 10, NIIN_1491094, Truck-5, 3.22581, 22, 0
Tanani_Sup, Port_Chilkoot, 10, D0034, Truck-5, 0.000335899, 11500, 10000
Tanani_Sup, Port_Chilkoot, 10, C0138, Truck-5, 0.0812394, 730, 0
Tanani_Sup, Elmendorf_AFB, 10, NIIN_1491094, Truck-5, 6.45161, 22, 0
Tanani_Sup, Elmendorf_AFB, 10, NIIN_14671753, Truck-5, 236.364, 15, 0
Tanani_Sup, Anchorage_Port, 10, B0063, LowBoyTractor, 0.209469, 46420, 0
Tanani_Sup, Seward_MPF_Port, 10, D0009, Truck-5, 0.235522, 28000, 10000
Tanani_Sup, Fairbanks_Airport, 10, C3409, Truck-5, 14.9593, 650, 0
Mud_Bay_Sup, Juneau_Airport, 10, D0054, LowBoyTractor, 0.0593862, 71220, 10000
Mud_Bay_Sup, Juneau_Airport, 10, D0015, LowBoyTractor, 0.101742, 54000, 10000
Mud_Bay_Sup, Mosquito_Lake_Sup, 10, C3409, Truck-5, 11.1028, 650, 0
Mud_Bay_Sup, Mosquito_Lake_Sup, 10, C0138, Truck-5, 3.43387, 730, 0
Mud_Bay_Sup, Tanani_Sup, 10, C3409, Truck-5, 9.7049, 650, 0
Mud_Bay_Sup, Tanani_Sup, 10, D0016, Truck-5, 0.092059, 1640, 10000
Mud_Bay_Sup, Port_Chilkoot, 10, D0054, LowBoyTractor, 0.0195037, 71220, 10000
Mud_Bay_Sup, Port_Chilkoot, 10, D0015, LowBoyTractor, 0.0334144, 54000, 10000
Mud_Bay_Sup, Port_Chilkoot, 10, C3409, Truck-5, 7.45642, 650, 0
Mud_Bay_Sup, Port_Chilkoot, 10, C0138, Truck-5, 2.30611, 730, 0
Mud_Bay_Sup, Elmendorf_AFB, 10, D0015, LowBoyTractor, 0.775665, 54000, 10000
Mud_Bay_Sup, Anchorage_Port, 10, C3409, Truck-5, 11.1028, 650, 0
Mud_Bay_Sup, Anchorage_Port, 10, C0138, Truck-5, 3.43387, 730, 0
Mud_Bay_Sup, Seward_MPF_Port, 10, C3409, Truck-5, 11.1028, 650, 0
Mud_Bay_Sup, Seward_MPF_Port, 10, C0138, Truck-5, 3.43387, 730, 0
Mud_Bay_Sup, Fairbanks_Airport, 10, C3409, Truck-5, 14.9593, 650, 0
Port_Chilkoot, Juneau_Airport, 10, B0063, LowBoyTractor, 0.108046, 46420, 0
Port_Chilkoot, Juneau_Airport, 10, D0054, LowBoyTractor, 0.0810509, 71220, 10000
Port_Chilkoot, Juneau_Airport, 10, D0015, LowBoyTractor, 0.0256036, 54000, 10000
Port_Chilkoot, Fairbanks_Airport, 10, C3409, Truck-5, 14.9593, 650, 0
Elmendorf_AFB, Anchorage_Port, 10, D0235, Truck-5, 0.0304849, 19600, 10000
Elmendorf_AFB, Anchorage_Port, 10, C3409, Truck-5, 1.98175, 650, 0
Elmendorf_AFB, Seward_MPF_Port, 10, D0235, Truck-5, 0.135614, 19600, 10000
Elmendorf_AFB, Seward_MPF_Port, 10, D0009, Truck-5, 0.52833, 28000, 10000
Elmendorf_AFB, Fairbanks_Airport, 10, C3409, Truck-5, 14.9593, 650, 0
Anchorage_Port, Fairbanks_Airport, 10, C3409, Truck-5, 14.9593, 650, 0
Seward_MPF_Port, Fairbanks_Airport, 10, C3409, Truck-5, 14.9593, 650, 0
Nome_Airport, Teller_Dest, 10, B2565, Truck-5, 0.139333, 11700, 0
Nome_Airport, Teller_Dest, 10, D0030, Truck-5, 0.770796, 10500, 10000
Nome_Port, Teller_Dest, 10, D0005, LowBoyTractor, 0.107319, 44480, 10000
Nome_Port, Teller_Dest, 10, D12147K, LowBoyTractor, 0.0803883, 67600, 10000
Nome_Port, Teller_Dest, 10, B2565, Truck-5, 0.0129826, 11700, 0
Nome_Port, Teller_Dest, 10, D0033, Truck-5, 0.0950097, 10740, 10000
Juneau_Airport, Elmendorf_AFB, 11, B0063, C-17, 0.209469, 46420, 0
Elmendorf_AFB, Juneau_Airport, 11, D0034, C-17, 0.75919, 11500, 10000
Elmendorf_AFB, Juneau_Airport, 11, NIIN_14671753, C-17, 118.182, 15, 0
Elmendorf_AFB, Nome_Airport, 11, D0215, C-17, 0.31188, 15300, 10000
Elmendorf_AFB, Nome_Airport, 11, D0035, C-17, 0.399338, 12400, 10000
Anchorage_Port, Nome_Port, 11, D0235, OSV, 0.194723, 19600, 10000
Anchorage_Port, Nome_Port, 11, D0009, OSV, 0.210964, 28000, 10000
Seward_MPF_Port, Nome_Port, 11, D0235, OSV, 0.51967, 19600, 10000
Seward_MPF_Port, Nome_Port, 11, D0009, OSV, 1.08122, 28000, 10000
Juneau_Airport, Fairbanks_Airport, 11, C3409, Truck-5, 4.64455, 650, 0
Juneau_Airport, Fairbanks_Airport, 11, C0138, Truck-5, 9.18439, 730, 0
Mosquito_Lake_Sup, Juneau_Airport, 11, D0052, LowBoyTractor, 0.169696, 57300, 10000
Mosquito_Lake_Sup, Tanani_Sup, 11, D0003, LowBoyTractor, 0.0331819, 44480, 10000
Mosquito_Lake_Sup, Mud_Bay_Sup, 11, D0003, LowBoyTractor, 0.0460988, 44480, 10000
Mosquito_Lake_Sup, Port_Chilkoot, 11, D0003, LowBoyTractor, 0.129372, 44480, 10000
Mosquito_Lake_Sup, Port_Chilkoot, 11, D0052, LowBoyTractor, 0.082868, 57300, 10000
Mosquito_Lake_Sup, Elmendorf_AFB, 11, D0003, LowBoyTractor, 0.218605, 44480, 10000
Mosquito_Lake_Sup, Anchorage_Port, 11, D0003, LowBoyTractor, 0.0756873, 44480, 10000
Mosquito_Lake_Sup, Fairbanks_Airport, 11, C3409, Truck-5, 11.1028, 650, 0
Mosquito_Lake_Sup, Fairbanks_Airport, 11, C0138, Truck-5, 3.43387, 730, 0
Tanani_Sup, Juneau_Airport, 11, B0063, LowBoyTractor, 0.108046, 46420, 0
Tanani_Sup, Juneau_Airport, 11, D0054, LowBoyTractor, 0.0661062, 71220, 10000
Tanani_Sup, Port_Chilkoot, 11, D0034, Truck-5, 0.345139, 11500, 10000
Tanani_Sup, Elmendorf_AFB, 11, D0034, Truck-5, 0.759526, 11500, 10000
Tanani_Sup, Anchorage_Port, 11, D0034, Truck-5, 0.845527, 11500, 10000
Tanani_Sup, Seward_MPF_Port, 11, D0034, Truck-5, 0.845527, 11500, 10000
Tanani_Sup, Fairbanks_Airport, 11, C3409, Truck-5, 10.3931, 650, 0
Tanani_Sup, Fairbanks_Airport, 11, C8638, Truck-5, 1, 720, 0
Tanani_Sup, Fairbanks_Airport, 11, C0138, Truck-5, 3.07953, 730, 0
Mud_Bay_Sup, Juneau_Airport, 11, D0054, LowBoyTractor, 0.0593862, 71220, 10000
Mud_Bay_Sup, Juneau_Airport, 11, D0015, LowBoyTractor, 0.101742, 54000, 10000
Mud_Bay_Sup, Fairbanks_Airport, 11, C3409, Truck-5, 11.1028, 650, 0
Mud_Bay_Sup, Fairbanks_Airport, 11, C0138, Truck-5, 3.43387, 730, 0
Port_Chilkoot, Juneau_Airport, 11, B0063, LowBoyTractor, 0.106555, 46420, 0
Port_Chilkoot, Juneau_Airport, 11, D0054, LowBoyTractor, 0.084698, 71220, 10000
Port_Chilkoot, Juneau_Airport, 11, D0015, LowBoyTractor, 0.0334144, 54000, 10000
Port_Chilkoot, Juneau_Airport, 11, NIIN_1491094, Truck-5, 3.22581, 22, 0
Port_Chilkoot, Juneau_Airport, 11, D0034, Truck-5, 0.000335899, 11500, 10000
Port_Chilkoot, Fairbanks_Airport, 11, C3409, Truck-5, 7.45642, 650, 0
Port_Chilkoot, Fairbanks_Airport, 11, C0138, Truck-5, 6.68067, 730, 0
Elmendorf_AFB, Fairbanks_Airport, 11, C3409, Truck-5, 14.9593, 650, 0
Anchorage_Port, Fairbanks_Airport, 11, C3409, Truck-5, 14.9593, 650, 0
Seward_MPF_Port, Fairbanks_Airport, 11, C3409, Truck-5, 14.9593, 650, 0
Nome_Airport, Teller_Dest, 11, B2565, Truck-5, 0.139333, 11700, 0
Nome_Airport, Teller_Dest, 11, D0030, Truck-5, 0.770796, 10500, 10000
Nome_Port, Teller_Dest, 11, D0003, LowBoyTractor, 0.0829107, 44480, 10000
Nome_Port, Teller_Dest, 11, D0005, LowBoyTractor, 0.0368087, 44480, 10000
Nome_Port, Teller_Dest, 11, B0063, LowBoyTractor, 0.00355069, 46420, 0
Nome_Port, Teller_Dest, 11, D12147K, LowBoyTractor, 0.0914442, 67600, 10000
Nome_Port, Teller_Dest, 11, B2565, Truck-5, 0.258673, 11700, 0
Nome_Port, Teller_Dest, 11, D0033, Truck-5, 1.06214, 10740, 10000
Nome_Port, Teller_Dest, 11, D0035, Truck-5, 0.390792, 12400, 10000
Juneau_Airport, Elmendorf_AFB, 12, B0063, C-17, 0.00513143, 46420, 0
Juneau_Airport, Elmendorf_AFB, 12, D0015, C-17, 0.116997, 54000, 10000
Juneau_Airport, Nome_Airport, 12, B0063, C-17, 0.209469, 46420, 0
Elmendorf_AFB, Juneau_Airport, 12, NIIN_1491094, C-17, 6.45161, 22, 0
Elmendorf_AFB, Juneau_Airport, 12, NIIN_14671753, C-17, 236.364, 15, 0
Anchorage_Port, Nome_Port, 12, D0235, OSV, 0.0331451, 19600, 10000
Anchorage_Port, Nome_Port, 12, B0063, OSV, 0.11542, 46420, 0
Anchorage_Port, Nome_Port, 12, D0054, OSV, 0.021934, 71220, 10000
Anchorage_Port, Nome_Port, 12, D0009, OSV, 0.0769273, 28000, 10000
Seward_MPF_Port, Nome_Port, 12, B2561, OSV, 0.138113, 31900, 0
Seward_MPF_Port, Nome_Port, 12, D12147K, OSV, 0.0687034, 67600, 10000
Seward_MPF_Port, Nome_Port, 12, D0009, OSV, 0.235522, 28000, 10000
Juneau_Airport, Fairbanks_Airport, 12, D0034, Truck-5, 0.759526, 11500, 10000
Juneau_Airport, Fairbanks_Airport, 12, D0016, Truck-5, 0.603056, 1640, 10000
Mosquito_Lake_Sup, Juneau_Airport, 12, D0003, LowBoyTractor, 0.218605, 44480, 10000
Mosquito_Lake_Sup, Tanani_Sup, 12, D0003, LowBoyTractor, 0.185423, 44480, 10000
Mosquito_Lake_Sup, Mud_Bay_Sup, 12, D0003, LowBoyTractor, 0.218605, 44480, 10000
Mosquito_Lake_Sup, Port_Chilkoot, 12, D0003, LowBoyTractor, 0.218605, 44480, 10000
Mosquito_Lake_Sup, Fairbanks_Airport, 12, D0003, LowBoyTractor, 0.218605, 44480, 10000
Tanani_Sup, Juneau_Airport, 12, B0063, LowBoyTractor, 0.209469, 46420, 0
Tanani_Sup, Fairbanks_Airport, 12, D0034, Truck-5, 0.265442, 11500, 10000
Tanani_Sup, Fairbanks_Airport, 12, D0016, Truck-5, 0.092059, 1640, 10000
Tanani_Sup, Fairbanks_Airport, 12, C4433, Truck-5, 2, 3260, 10000
Mud_Bay_Sup, Juneau_Airport, 12, D0054, LowBoyTractor, 0.0593862, 71220, 10000
Mud_Bay_Sup, Juneau_Airport, 12, D0015, LowBoyTractor, 0.101742, 54000, 10000
Mud_Bay_Sup, Fairbanks_Airport, 12, D0003, LowBoyTractor, 0.0460988, 44480, 10000
Mud_Bay_Sup, Fairbanks_Airport, 12, D0034, Truck-5, 0.179312, 11500, 10000
Mud_Bay_Sup, Fairbanks_Airport, 12, D0016, Truck-5, 0.701828, 1640, 10000
Mud_Bay_Sup, Fairbanks_Airport, 12, B0953, Truck-5, 2, 2230, 0
Port_Chilkoot, Juneau_Airport, 12, D0052, LowBoyTractor, 0.082868, 57300, 10000
Port_Chilkoot, Fairbanks_Airport, 12, D0003, LowBoyTractor, 0.129372, 44480, 10000
Port_Chilkoot, Fairbanks_Airport, 12, D0034, Truck-5, 0.345139, 11500, 10000
Elmendorf_AFB, Fairbanks_Airport, 12, C0138, Truck-5, 13.3199, 730, 0
Anchorage_Port, Fairbanks_Airport, 12, C3409, Truck-5, 11.1028, 650, 0
Anchorage_Port, Fairbanks_Airport, 12, C0138, Truck-5, 3.43387, 730, 0
Seward_MPF_Port, Fairbanks_Airport, 12, C3409, Truck-5, 11.1028, 650, 0
Seward_MPF_Port, Fairbanks_Airport, 12, C0138, Truck-5, 3.43387, 730, 0
Nome_Airport, Teller_Dest, 12, D0215, Truck-5, 0.31188, 15300, 10000
Nome_Airport, Teller_Dest, 12, D0035, Truck-5, 0.399338, 12400, 10000
Nome_Port, Teller_Dest, 12, D0003, LowBoyTractor, 0.113969, 44480, 10000
Nome_Port, Teller_Dest, 12, B0063, LowBoyTractor, 0.127311, 46420, 0
Nome_Port, Teller_Dest, 12, D12147K, LowBoyTractor, 0.14874, 67600, 10000
Nome_Port, Teller_Dest, 12, B2565, Truck-5, 0.0757389, 11700, 0
Nome_Port, Teller_Dest, 12, AIR_CONDITIONER-DIESEL-LAND_BASED, Truck-5, 0.864329, 14160, 0
Nome_Port, Teller_Dest, 12, D0033, Truck-5, 0.0991503, 10740, 10000
Nome_Port, Teller_Dest, 12, D0215, Truck-5, 0.995679, 15300, 10000
Nome_Port, Teller_Dest, 12, D0035, Truck-5, 0.613949, 12400, 10000
Juneau_Airport, Elmendorf_AFB, 13, D0015, C-17, 0.107337, 54000, 10000
Juneau_Airport, Nome_Airport, 13, B0063, C-17, 0.209469, 46420, 0
Anchorage_Port, Nome_Port, 13, B0063, OSV, 0.209469, 46420, 0
Juneau_Airport, Fairbanks_Airport, 13, D0003, LowBoyTractor, 0.218605, 44480, 10000
Mosquito_Lake_Sup, Juneau_Airport, 13, D0052, LowBoyTractor, 0.169696, 57300, 10000
Mosquito_Lake_Sup, Fairbanks_Airport, 13, D0003, LowBoyTractor, 0.218605, 44480, 10000
Tanani_Sup, Juneau_Airport, 13, B0063, LowBoyTractor, 0.209469, 46420, 0
Tanani_Sup, Anchorage_Port, 13, B0063, LowBoyTractor, 0.104032, 46420, 0
Tanani_Sup, Anchorage_Port, 13, D0054, LowBoyTractor, 0.0636504, 71220, 10000
Tanani_Sup, Fairbanks_Airport, 13, D0003, LowBoyTractor, 0.218605, 44480, 10000
Mud_Bay_Sup, Juneau_Airport, 13, D0054, LowBoyTractor, 0.00326582, 71220, 10000
Mud_Bay_Sup, Juneau_Airport, 13, D0015, LowBoyTractor, 0.0055951, 54000, 10000
Mud_Bay_Sup, Fairbanks_Airport, 13, D0003, LowBoyTractor, 0.218605, 44480, 10000
Port_Chilkoot, Fairbanks_Airport, 13, D0003, LowBoyTractor, 0.218605, 44480, 10000
Elmendorf_AFB, Fairbanks_Airport, 13, D0034, Truck-5, 0.759526, 11500, 10000
Elmendorf_AFB, Fairbanks_Airport, 13, D0016, Truck-5, 0.603056, 1640, 10000
Anchorage_Port, Fairbanks_Airport, 13, D0034, Truck-5, 0.845527, 11500, 10000
Seward_MPF_Port, Fairbanks_Airport, 13, D0034, Truck-5, 0.845527, 11500, 10000
Nome_Airport, Teller_Dest, 13, B0063, LowBoyTractor, 0.209469, 46420, 0
Nome_Port, Teller_Dest, 13, D0003, LowBoyTractor, 0.199244, 44480, 10000
Nome_Port, Teller_Dest, 13, D12147K, LowBoyTractor, 0.149246, 67600, 10000
Nome_Port, Teller_Dest, 13, D0235, Truck-5, 0.767315, 19600, 10000
Nome_Port, Teller_Dest, 13, D0215, Truck-5, 0.643653, 15300, 10000
Nome_Port, Teller_Dest, 13, B2566, Truck-5, 0.990037, 13440, 0
Nome_Port, Teller_Dest, 13, B2561, Truck-5, 0.474834, 31900, 0
Juneau_Airport, Nome_Airport, 14, B0063, C-17, 0.209469, 46420, 0
Mosquito_Lake_Sup, Juneau_Airport, 14, D0003, LowBoyTractor, 0.0237519, 44480, 10000
Mosquito_Lake_Sup, Juneau_Airport, 14, D0052, LowBoyTractor, 0.134847, 57300, 10000
Mosquito_Lake_Sup, Fairbanks_Airport, 14, D0003, LowBoyTractor, 0.218605, 44480, 10000
Tanani_Sup, Juneau_Airport, 14, B0063, LowBoyTractor, 0.209469, 46420, 0
Tanani_Sup, Port_Chilkoot, 14, B0063, LowBoyTractor, 0.049707, 46420, 0
Tanani_Sup, Port_Chilkoot, 14, D0054, LowBoyTractor, 0.0304125, 71220, 10000
Tanani_Sup, Elmendorf_AFB, 14, B0063, LowBoyTractor, 0.0397177, 46420, 0
Tanani_Sup, Anchorage_Port, 14, B0063, LowBoyTractor, 0.209469, 46420, 0
Mud_Bay_Sup, Juneau_Airport, 14, NIIN_1491094, LowBoyTractor, 3.22581, 22, 0
Mud_Bay_Sup, Juneau_Airport, 14, D0054, LowBoyTractor, 0.034678, 71220, 10000
Mud_Bay_Sup, Juneau_Airport, 14, NIIN_14671753, LowBoyTractor, 118.182, 15, 0
Mud_Bay_Sup, Anchorage_Port, 14, D0054, LowBoyTractor, 0.136529, 71220, 10000
Elmendorf_AFB, Fairbanks_Airport, 14, D0003, LowBoyTractor, 0.218605, 44480, 10000
Anchorage_Port, Fairbanks_Airport, 14, D0003, LowBoyTractor, 0.0756873, 44480, 10000
Nome_Airport, Teller_Dest, 14, B0063, LowBoyTractor, 0.209469, 46420, 0
Nome_Port, Teller_Dest, 14, D0235, Truck-5, 0.212992, 19600, 10000
Nome_Port, Teller_Dest, 14, D0215, Truck-5, 0.0487875, 15300, 10000
Nome_Port, Teller_Dest, 14, B2561, Truck-5, 0.187297, 31900, 0
Juneau_Airport, Elmendorf_AFB, 15, B0063, C-17, 0.0227592, 46420, 0
Juneau_Airport, Elmendorf_AFB, 15, D0054, C-17, 0.00555736, 71220, 10000
Juneau_Airport, Nome_Airport, 15, D0003, C-17, 0.0237519, 44480, 10000
Juneau_Airport, Nome_Airport, 15, B0063, C-17, 0.18671, 46420, 0
Port_Chilkoot, Nome_Port, 15, B0063, OSV, 0.00998928, 46420, 0
Port_Chilkoot, Nome_Port, 15, D0054, OSV, 0.0113392, 71220, 10000
Mosquito_Lake_Sup, Port_Chilkoot, 15, D0005, LowBoyTractor, 0.0647472, 44480, 10000
Tanani_Sup, Juneau_Airport, 15, B0063, LowBoyTractor, 0.169752, 46420, 0
Tanani_Sup, Juneau_Airport, 15, NIIN_1491094, LowBoyTractor, 3.22581, 22, 0
Tanani_Sup, Juneau_Airport, 15, NIIN_14671753, LowBoyTractor, 118.182, 15, 0
Tanani_Sup, Port_Chilkoot, 15, B0063, LowBoyTractor, 0.108046, 46420, 0
Tanani_Sup, Port_Chilkoot, 15, D0054, LowBoyTractor, 0.0661062, 71220, 10000
Tanani_Sup, Elmendorf_AFB, 15, B0063, LowBoyTractor, 0.143439, 46420, 0
Tanani_Sup, Anchorage_Port, 15, B0063, LowBoyTractor, 0.0456013, 46420, 0
Tanani_Sup, Anchorage_Port, 15, D0054, LowBoyTractor, 0.0279005, 71220, 10000
Mud_Bay_Sup, Port_Chilkoot, 15, D0054, LowBoyTractor, 0.0353131, 71220, 10000
Port_Chilkoot, Juneau_Airport, 15, B0063, LowBoyTractor, 0.0397177, 46420, 0
Nome_Airport, Teller_Dest, 15, B0063, LowBoyTractor, 0.209469, 46420, 0
Nome_Port, Teller_Dest, 15, D0235, Truck-5, 0.466878, 19600, 10000
Nome_Port, Teller_Dest, 15, B2561, Truck-5, 0.199756, 31900, 0
Nome_Port, Teller_Dest, 15, D0009, Truck-5, 0.481436, 28000, 10000
Juneau_Airport, Nome_Airport, 16, B0063, C-17, 0.209469, 46420, 0
Port_Chilkoot, Nome_Port, 16, D0005, OSV, 0.0647472, 44480, 10000
Port_Chilkoot, Nome_Port, 16, B0063, OSV, 0.108046, 46420, 0
Port_Chilkoot, Nome_Port, 16, D0054, OSV, 0.120493, 71220, 10000
Anchorage_Port, Nome_Port, 16, B0063, OSV, 0.104032, 46420, 0
Anchorage_Port, Nome_Port, 16, D0054, OSV, 0.0636504, 71220, 10000
Mosquito_Lake_Sup, Port_Chilkoot, 16, D0005, LowBoyTractor, 0.189902, 44480, 10000
Tanani_Sup, Juneau_Airport, 16, B0063, LowBoyTractor, 0.169752, 46420, 0
Tanani_Sup, Juneau_Airport, 16, NIIN_1491094, LowBoyTractor, 3.22581, 22, 0
Tanani_Sup, Juneau_Airport, 16, NIIN_14671753, LowBoyTractor, 118.182, 15, 0
Tanani_Sup, Port_Chilkoot, 16, D0005, LowBoyTractor, 0.0883531, 44480, 10000
Tanani_Sup, Port_Chilkoot, 16, D0054, LowBoyTractor, 0.0813482, 71220, 10000
Tanani_Sup, Elmendorf_AFB, 16, B0063, LowBoyTractor, 0.0954274, 46420, 0
Tanani_Sup, Elmendorf_AFB, 16, D0054, LowBoyTractor, 0.00868379, 71220, 10000
Tanani_Sup, Anchorage_Port, 16, B0063, LowBoyTractor, 0.119702, 46420, 0
Tanani_Sup, Anchorage_Port, 16, D0054, LowBoyTractor, 0.0732381, 71220, 10000
Mud_Bay_Sup, Port_Chilkoot, 16, D0054, LowBoyTractor, 0.174846, 71220, 10000
Elmendorf_AFB, Anchorage_Port, 16, B0063, LowBoyTractor, 0.0227592, 46420, 0
Elmendorf_AFB, Anchorage_Port, 16, D0054, LowBoyTractor, 0.00555736, 71220, 10000
Nome_Airport, Teller_Dest, 16, D0003, LowBoyTractor, 0.0237519, 44480, 10000
Nome_Airport, Teller_Dest, 16, B0063, LowBoyTractor, 0.18671, 46420, 0
Nome_Port, Teller_Dest, 16, B0063, LowBoyTractor, 0.11542, 46420, 0
Nome_Port, Teller_Dest, 16, D12147K, LowBoyTractor, 0.0574523, 67600, 10000
Nome_Port, Teller_Dest, 16, D0235, Truck-5, 0.552815, 19600, 10000
Nome_Port, Teller_Dest, 16, D0009, Truck-5, 1.28304, 28000, 10000
Juneau_Airport, Nome_Airport, 17, B0063, C-17, 0.169752, 46420, 0
Elmendorf_AFB, Nome_Airport, 17, B0063, C-17, 0.0397177, 46420, 0
Port_Chilkoot, Nome_Port, 17, D0005, OSV, 0.278255, 44480, 10000
Port_Chilkoot, Nome_Port, 17, D0054, OSV, 0.256194, 71220, 10000
Anchorage_Port, Nome_Port, 17, B0063, OSV, 0.232228, 46420, 0
Anchorage_Port, Nome_Port, 17, D0054, OSV, 0.142086, 71220, 10000
Mosquito_Lake_Sup, Port_Chilkoot, 17, D0003, LowBoyTractor, 0.0177005, 44480, 10000
Tanani_Sup, Juneau_Airport, 17, B0063, LowBoyTractor, 0.0660303, 46420, 0
Tanani_Sup, Juneau_Airport, 17, NIIN_1491094, LowBoyTractor, 3.22581, 22, 0
Tanani_Sup, Juneau_Airport, 17, NIIN_14671753, LowBoyTractor, 118.182, 15, 0
Tanani_Sup, Port_Chilkoot, 17, D0005, LowBoyTractor, 0.0883531, 44480, 10000
Tanani_Sup, Port_Chilkoot, 17, D0054, LowBoyTractor, 0.0813482, 71220, 10000
Tanani_Sup, Elmendorf_AFB, 17, B0063, LowBoyTractor, 0.0938526, 46420, 0
Tanani_Sup, Elmendorf_AFB, 17, D0054, LowBoyTractor, 0.0574225, 71220, 10000
Tanani_Sup, Anchorage_Port, 17, D0005, LowBoyTractor, 0.0124798, 44480, 10000
Tanani_Sup, Anchorage_Port, 17, B0063, LowBoyTractor, 0.0312377, 46420, 0
Tanani_Sup, Anchorage_Port, 17, D0054, LowBoyTractor, 0.0306028, 71220, 10000
Mud_Bay_Sup, Port_Chilkoot, 17, D0054, LowBoyTractor, 0.0162972, 71220, 10000
Nome_Airport, Teller_Dest, 17, B0063, LowBoyTractor, 0.209469, 46420, 0
Nome_Port, Teller_Dest, 17, B0063, LowBoyTractor, 0.257752, 46420, 0
Nome_Port, Teller_Dest, 17, D0054, LowBoyTractor, 0.021934, 71220, 10000
Nome_Port, Teller_Dest, 17, D12147K, LowBoyTractor, 0.0687034, 67600, 10000
Nome_Port, Teller_Dest, 17, B2561, Truck-5, 0.138113, 31900, 0
Nome_Port, Teller_Dest, 17, D0009, Truck-5, 0.235522, 28000, 10000
Juneau_Airport, Nome_Airport, 18, B0063, C-17, 0.0660303, 46420, 0
Elmendorf_AFB, Nome_Airport, 18, B0063, C-17, 0.143439, 46420, 0
Port_Chilkoot, Nome_Port, 18, D0003, OSV, 0.0177005, 44480, 10000
Port_Chilkoot, Nome_Port, 18, D0005, OSV, 0.0883531, 44480, 10000
Port_Chilkoot, Nome_Port, 18, D0054, OSV, 0.0976454, 71220, 10000
Anchorage_Port, Nome_Port, 18, B0063, OSV, 0.0456013, 46420, 0
Anchorage_Port, Nome_Port, 18, D0054, OSV, 0.0279005, 71220, 10000
Mosquito_Lake_Sup, Port_Chilkoot, 18, D0005, LowBoyTractor, 0.123229, 44480, 10000
Tanani_Sup, Juneau_Airport, 18, B0063, LowBoyTractor, 0.124607, 46420, 0
Tanani_Sup, Juneau_Airport, 18, NIIN_1491094, LowBoyTractor, 17.9032, 22, 0
Tanani_Sup, Juneau_Airport, 18, NIIN_14671753, LowBoyTractor, 236.364, 15, 0
Tanani_Sup, Port_Chilkoot, 18, D0005, LowBoyTractor, 0.0405783, 44480, 10000
Tanani_Sup, Port_Chilkoot, 18, D0054, LowBoyTractor, 0.0373611, 71220, 10000
Tanani_Sup, Elmendorf_AFB, 18, B0063, LowBoyTractor, 0.08409, 46420, 0
Tanani_Sup, Elmendorf_AFB, 18, D0054, LowBoyTractor, 0.0514494, 71220, 10000
Nome_Airport, Teller_Dest, 18, B0063, LowBoyTractor, 0.209469, 46420, 0
Juneau_Airport, Nome_Airport, 19, B0063, C-17, 0.114042, 46420, 0
Elmendorf_AFB, Nome_Airport, 19, B0063, C-17, 0.0954274, 46420, 0
Elmendorf_AFB, Nome_Airport, 19, D0054, C-17, 0.00868379, 71220, 10000
Port_Chilkoot, Nome_Port, 19, D0005, OSV, 0.163808, 44480, 10000
Port_Chilkoot, Nome_Port, 19, D0054, OSV, 0.0373611, 71220, 10000
Anchorage_Port, Nome_Port, 19, B0063, OSV, 0.119702, 46420, 0
Anchorage_Port, Nome_Port, 19, D0054, OSV, 0.0680107, 71220, 10000
Mosquito_Lake_Sup, Port_Chilkoot, 19, D0005, LowBoyTractor, 0.28748, 44480, 10000
Tanani_Sup, Juneau_Airport, 19, B0063, LowBoyTractor, 0.00362828, 46420, 0
Tanani_Sup, Port_Chilkoot, 19, D0005, LowBoyTractor, 0.07223, 44480, 10000
Nome_Airport, Teller_Dest, 19, B0063, LowBoyTractor, 0.209469, 46420, 0
Juneau_Airport, Nome_Airport, 20, B0063, C-17, 0.014193, 46420, 0
Elmendorf_AFB, Nome_Airport, 20, B0063, C-17, 0.0938526, 46420, 0
Elmendorf_AFB, Nome_Airport, 20, D0054, C-17, 0.0574225, 71220, 10000
Port_Chilkoot, Nome_Port, 20, D0005, OSV, 0.35971, 44480, 10000
Anchorage_Port, Nome_Port, 20, D0005, OSV, 0.0124798, 44480, 10000
Anchorage_Port, Nome_Port, 20, B0063, OSV, 0.0312377, 46420, 0
Anchorage_Port, Nome_Port, 20, D0054, OSV, 0.0358302, 71220, 10000
Mosquito_Lake_Sup, Port_Chilkoot, 20, D0005, LowBoyTractor, 0.631327, 44480, 10000
Tanani_Sup, Juneau_Airport, 20, NIIN_14671753, LowBoyTractor, 236.364, 15, 0
Nome_Airport, Teller_Dest, 20, B0063, LowBoyTractor, 0.209469, 46420, 0
Nome_Port, Teller_Dest, 20, B0063, LowBoyTractor, 0.104032, 46420, 0
Nome_Port, Teller_Dest, 20, D0054, LowBoyTractor, 0.0636504, 71220, 10000
Elmendorf_AFB, Nome_Airport, 21, B0063, C-17, 0.08409, 46420, 0
Elmendorf_AFB, Nome_Airport, 21, D0054, C-17, 0.0514494, 71220, 10000
Port_Chilkoot, Nome_Port, 21, D0005, OSV, 0.631327, 44480, 10000
Tanani_Sup, Port_Chilkoot, 21, D0005, LowBoyTractor, 0.09197, 44480, 10000
Nome_Airport, Teller_Dest, 21, B0063, LowBoyTractor, 0.108046, 46420, 0
Nome_Airport, Teller_Dest, 21, D0054, LowBoyTractor, 0.0661062, 71220, 10000
Nome_Port, Teller_Dest, 21, B0063, LowBoyTractor, 0.232228, 46420, 0
Nome_Port, Teller_Dest, 21, D0054, LowBoyTractor, 0.142086, 71220, 10000
Port_Chilkoot, Nome_Port, 22, D0005, OSV, 0.09197, 44480, 10000
Mosquito_Lake_Sup, Port_Chilkoot, 22, D0003, LowBoyTractor, 0.419468, 44480, 10000
Tanani_Sup, Juneau_Airport, 22, NIIN_1491094, LowBoyTractor, 6.45161, 22, 0
Tanani_Sup, Juneau_Airport, 22, NIIN_14671753, LowBoyTractor, 236.364, 15, 0
Nome_Airport, Teller_Dest, 22, B0063, LowBoyTractor, 0.08409, 46420, 0
Nome_Airport, Teller_Dest, 22, D0054, LowBoyTractor, 0.0514494, 71220, 10000
Nome_Port, Teller_Dest, 22, B0063, LowBoyTractor, 0.0456013, 46420, 0
Nome_Port, Teller_Dest, 22, D0054, LowBoyTractor, 0.0279005, 71220, 10000
Port_Chilkoot, Nome_Port, 23, D0003, OSV, 0.199601, 44480, 10000
Mosquito_Lake_Sup, Port_Chilkoot, 23, D0003, LowBoyTractor, 0.206864, 44480, 10000
Nome_Port, Teller_Dest, 23, B0063, LowBoyTractor, 0.129691, 46420, 0
Nome_Port, Teller_Dest, 23, D0054, LowBoyTractor, 0.0793499, 71220, 10000
Port_Chilkoot, Nome_Port, 24, D0003, OSV, 0.35971, 44480, 10000
Mosquito_Lake_Sup, Port_Chilkoot, 24, D0003, LowBoyTractor, 0.283478, 44480, 10000
Tanani_Sup, Juneau_Airport, 24, NIIN_1491094, LowBoyTractor, 3.22581, 22, 0
Tanani_Sup, Juneau_Airport, 24, NIIN_14671753, LowBoyTractor, 118.182, 15, 0
Tanani_Sup, Port_Chilkoot, 24, D0005, LowBoyTractor, 0.173198, 44480, 10000
Nome_Port, Teller_Dest, 24, D0005, LowBoyTractor, 0.077227, 44480, 10000
Nome_Port, Teller_Dest, 24, B0063, LowBoyTractor, 0.139283, 46420, 0
Nome_Port, Teller_Dest, 24, D0054, LowBoyTractor, 0.156323, 71220, 10000
Port_Chilkoot, Nome_Port, 25, D0003, OSV, 0.350499, 44480, 10000
Port_Chilkoot, Nome_Port, 25, D0005, OSV, 0.173198, 44480, 10000
Tanani_Sup, Juneau_Airport, 25, NIIN_1491094, LowBoyTractor, 22.5806, 22, 0
Tanani_Sup, Juneau_Airport, 25, NIIN_14671753, LowBoyTractor, 1063.64, 15, 0
Nome_Port, Teller_Dest, 25, D0005, LowBoyTractor, 0.278255, 44480, 10000
Nome_Port, Teller_Dest, 25, D0054, LowBoyTractor, 0.256194, 71220, 10000
Nome_Port, Teller_Dest, 26, D0003, LowBoyTractor, 0.0177005, 44480, 10000
Nome_Port, Teller_Dest, 26, D0005, LowBoyTractor, 0.0883531, 44480, 10000
Nome_Port, Teller_Dest, 26, D0054, LowBoyTractor, 0.0976454, 71220, 10000
Nome_Port, Teller_Dest, 27, D0005, LowBoyTractor, 0.163808, 44480, 10000
Nome_Port, Teller_Dest, 27, D0054, LowBoyTractor, 0.0373611, 71220, 10000
Nome_Port, Teller_Dest, 28, D0005, LowBoyTractor, 0.35971, 44480, 10000
Nome_Port, Teller_Dest, 29, D0005, LowBoyTractor, 0.523697, 44480, 10000
Nome_Port, Teller_Dest, 30, D0005, LowBoyTractor, 0.199601, 44480, 10000
Nome_Port, Teller_Dest, 31, D0003, LowBoyTractor, 0.199601, 44480, 10000
Nome_Port, Teller_Dest, 32, D0003, LowBoyTractor, 0.35971, 44480, 10000
Nome_Port, Teller_Dest, 33, D0003, LowBoyTractor, 0.350499, 44480, 10000
Nome_Port, Teller_Dest, 33, D0005, LowBoyTractor, 0.173198, 44480, 10000
